<?xml version='1.0' encoding='UTF-8'?>
<europassCredential xmlns="http://data.europa.eu/europass/model/credentials#" xmlns:eup="http://data.europa.eu/europass/model/credentials#" xmlns:ns2="http://uri.etsi.org/01903/v1.3.2#" xmlns:ns3="http://www.w3.org/2000/09/xmldsig#" xmlns:ns4="http://uri.etsi.org/01903/v1.4.1#" xmlns:ns5="http://data.europa.eu/europass/model/credentials#" xmlns:xsi="http://www.w3.org/2001/XMLSchema-instance" xsi:schemaLocation="http://data.europa.eu/europass/model/credentials# pim_edci_credential.xsd" id="urn:epass:credential:b576d4a4-c669-458b-ba17-23bd3237e177" xsdVersion="0.4.0">
  <type uri="http://data.europa.eu/europass/credentialType/learning"/>
  <issuanceDate>2021-01-21T16:01:34.979+02:00</issuanceDate>
  <issuer idref="urn:epass:thl:organization:927"/>
  <title lang="de">Betriebswirtschaftslehre, Master</title>
  <description>
    <text content-type="text/plain" lang="de">Dies ist der Studiengang Betriebswirtschaftslehre, Master aus dem Fachbereich Maschinenbau und Wirtschaft.</text>
  </description>
  <credentialSubject id="DUMMY-SUBJECT">
    <nationalId spatialID="http://publications.europa.eu/resource/authority/country/DEU">DUMMY-NATIONALID</nationalId>
    <identifier spatialID="http://publications.europa.eu/resource/authority/country/DEU">DUMMY-IDENTIFIER</identifier>
    <fullName lang="en">DUMMY SUBJECT</fullName>
    <givenNames lang="en">DUMMY</givenNames>
    <familyName lang="en">SUBJECT</familyName>
    <dateOfBirth>2000-10-20Z</dateOfBirth>
    <achievements/>
    <activities/>
    <assessments/>
    <entitlements/>
    <awardings/>
  </credentialSubject>
  <learningSpecificationReferences>
    <learningOutcome id="urn:thl:learningoutcome:16815#1">
      <prefLabel lang="de">Wirtschaftsethik und Recht</prefLabel>
      <description>
        <text content-type="text/plain" lang="de">Die Kenntnis von wirtschaftsethischen Grundlagen und Erklärungsansätzen, verbindlichem Recht und freiwilligen Leitlinien und die Einordnung von Fallbeispielen im Hinblick auf Nachhaltigkeit, Lebensdienlichkeit und Rechtssicherheit.</text>
      </description>
    </learningOutcome>
    <learningOutcome id="urn:thl:learningoutcome:16798#1">
      <prefLabel lang="de">Steuerung und Management</prefLabel>
      <description>
        <text content-type="text/plain" lang="de">Methodische und theoretische Ansätze zum Gestalten von Beratungs- und Trainingssituationen kennen und anwenden können</text>
      </description>
    </learningOutcome>
    <learningOutcome id="urn:thl:learningoutcome:16781#1">
      <prefLabel lang="de">Methoden der Markt- und Branchenanalysen</prefLabel>
      <description>
        <text content-type="text/plain" lang="de">Fachkompetenz:
Die Studierenden sind in der Lage, eine Branche mit ihrer Wettbewerbssituation systematisch zu untersuchen und zu beschreiben. Dies befähigt sie dazu, Marketingmaßnahmen zu entwickeln, die sich an dem Unternehmensumfeld orientieren.
Methodenkompetenz:
Sie können mithilfe quantitativer Methoden den Markt und die Branche statisch und dynamisch analysieren, indem sie die komplexen Zusammenhänge mit Hilfe multivariater Methoden (Faktoren-, Cluster, Varianz-, Zeitreihenanalyse) abbilden.
Sozialkompetenz:
Die Studierenden sind in der Lage, betriebswirtschaftliche Entscheidungen gegenüber Gesprächspartnern plausibel und hinreichend überzeugend zu erläutern.
Selbstkompetenz:
Ihre Fach- und Methodenkompetenz ermöglicht es den Studierenden, Vorschläge im unternehmerischen Handeln selbstbewusst vorzutragen und zu verteidigen.</text>
      </description>
    </learningOutcome>
    <learningOutcome id="urn:thl:learningoutcome:16764#1">
      <prefLabel lang="de">e-Business Management</prefLabel>
      <description>
        <text content-type="text/plain" lang="de">Konzepte und Methoden des e-Business- Managements kennen, verstehen, anwenden, analysieren und bewerten zu können.</text>
      </description>
    </learningOutcome>
    <learningOutcome id="urn:thl:learningoutcome:16747#1">
      <prefLabel lang="de">Dienstleistungsmanagement</prefLabel>
      <description>
        <text content-type="text/plain" lang="de">Die Studierenden erlangen Fähigkeiten und Fertigkeiten in der Methode und im Transfer zur Beurteilung und Lösung spezifischer Aufgabenstellungen im modernen Management von Dienstleistungen.</text>
      </description>
    </learningOutcome>
    <learningOutcome id="urn:thl:learningoutcome:16730#1">
      <prefLabel lang="de">Public Services</prefLabel>
      <description>
        <text content-type="text/plain" lang="de">The lecture presents contemporary concepts of a modern public sector. Considering the strict budgetary constraints of modern economies, students will gather a better understanding of public finance, i.e. of the modus operandi of public expenditures and revenues.</text>
      </description>
    </learningOutcome>
    <learningOutcome id="urn:thl:learningoutcome:16713#1">
      <prefLabel lang="de">Nachhaltigkeitsmanagement</prefLabel>
      <description>
        <text content-type="text/plain" lang="de">Die Studierenden…
	- verfügen über ein grundlegendes Verständnis von Nachhaltigkeit und Nachhaltigkeitsmanagement als Querschnittsdisziplin,
	- sind sich nachhaltigkeitsbezogener Herausforderungen für Unternehmen bewusst,
	- verstehen die wesentlichen Prinzipien, Konzepte und Modelle der Nachhaltigkeit,
	- sind imstande, nachhaltigkeitsrelevante Einflussfaktoren systematisch zu erfassen und zu analysieren,
	- haben einen Überblick über die bedeutendsten Instrumente des Nachhaltigkeitscontrollings und wissen, welche dieser Instrumente sich für welche Aufgaben und Einsatzbereiche eignen,
	- wissen, mit welchen Konzepten, Methoden und Instrumenten sich jede Phase des Produktlebenszyklus nachhaltiger ausrichten lässt,
	- kennen den Stellenwert von Nachhaltigkeit zur Steigerung von Mitarbeiterbindung und -motivation sowie gesellschaftlicher Reputation,
	- sind mit Ansätzen und Modellen nachhaltiger Unternehmensführung und deren fallspezifischer Anwendung vertraut.</text>
      </description>
    </learningOutcome>
    <learningOutcome id="urn:thl:learningoutcome:16696#1">
      <prefLabel lang="de">Information Management</prefLabel>
      <description>
        <text content-type="text/plain" lang="de">Die Studierenden können das Statistikpaket R zur Analyse großer Mengen betriebswirtschaftlicher Daten einsetzen. Sie sind weiterhin in der Lage, die im Rahmen einer neuen Analyse auftretenden Probleme zielgerichtet durch Recherchen auf geeigneten Plattformen zu lösen.
Sie können wissenschaftliche Texte unter Verwendung des Textsatzsystems LaTeX so schreiben, dass Layout-Vorgaben automatisiert unterstützt werden.</text>
      </description>
    </learningOutcome>
    <learningOutcome id="urn:thl:learningoutcome:16679#1">
      <prefLabel lang="de">Human Resources Management und Wirtschaftspsychologie</prefLabel>
      <description>
        <text content-type="text/plain" lang="de">Bei der Gestaltung erfolgreicher Prozesse in Führung, Management und Beratung ist die Einbeziehung des Menschen als Persönlichkeit, als Teil einer Gruppe und Organisation von erheblicher Bedeutung. Die Lehrveranstaltung vermittelt einen Überblick über Bereiche, Prozesse und Methoden der Wirtschaftspsychologie. Dieses Wissen wird neben Erkenntnissen der aktuellen Führungs- und Personalforschung auf ausgewählte Handlungsfelder des HRM angewendet.
Damit werden Voraussetzungen für die Teilnehmenden geschaffen zur:
	- bewussten Gestaltung von Personal- und Führungsarbeit
	- Berücksichtigung psychologischer Prozesse bei Unternehmensentscheidungen
	- Berücksichtigung internationaler und interkultureller Aspekte</text>
      </description>
    </learningOutcome>
    <learningOutcome id="urn:thl:learningoutcome:16662#1">
      <prefLabel lang="de">Forschungsprojekte</prefLabel>
      <description>
        <text content-type="text/plain" lang="de">Die Studierenden werden durch diese Veranstaltung in die Lage versetzt,
	- den wissenschaftlichen und Forschungsstand in den relevanten Forschungs- und Themenfeldern kennen,
	- selbständig wissenschaftliche Erkenntnisse zu erarbeiten,
	- die persönlichen Kompetenzen in der wissenschaftlichen Arbeit zu erweitern und zu vertiefen.</text>
      </description>
    </learningOutcome>
    <learningOutcome id="urn:thl:learningoutcome:16645#1">
      <prefLabel lang="de">Fallstudien zu Controlling, Finanzierung, Marketing</prefLabel>
      <description>
        <text content-type="text/plain" lang="de">Die Studierenden
	- vertiefen anwendungsorientiert vorher erworbener Kenntnisse der ersten beiden Semester in den Fächern Strategisches Controlling, Kapitalmarkt und Finanzierung sowie Märkte und Strategien;
	- schulen die Fähigkeit, erlerntes Wissen unter Anleitung zur Bearbeitung eines umfangreichen Praxisbeispiels einzusetzen;
	- praktizieren die Aufbereitung und adressatengerechte Präsentation von Arbeitsergebnissen.</text>
      </description>
    </learningOutcome>
    <learningOutcome id="urn:thl:learningoutcome:16628#1">
      <prefLabel lang="de">Unternehmensplanung</prefLabel>
      <description>
        <text content-type="text/plain" lang="de">Nach Abschluss dieses Moduls sind die Studierenden in der Lage:
	- eigenständig die Herausforderungen aus dem Bereich Unternehmensplanung zu identifizieren und hinsichtlich ihrer Erfolgswahrscheinlichkeit zu bewerten.
	- innerhalb einer Gruppe, basierend auf einer Gründungsidee, einen für Fachvertreter und Laien gleichermaßen überzeugenden Businessplan zu erstellen.
	- die planerischen Herausforderungen eines Unternehmens aus dem Bereich Change Management zu erkennen, einzuschätzen und planerisch umzusetzen.</text>
      </description>
    </learningOutcome>
    <learningOutcome id="urn:thl:learningoutcome:16611#1">
      <prefLabel lang="de">Strategisches Controlling</prefLabel>
      <description>
        <text content-type="text/plain" lang="de">Verständnis für wesentliche Einflussgrößen für die wertorientierte Strategiefindung sowie die Fähigkeit diese in strategische Planungs- und Steuerungssysteme einzubinden
Verständnis von übergreifenden Projekten im strategischen Controlling, insbesondere innerhalb der Planungs-, Transaktions- und Integrations-phase von Mergers &amp; Akquisitions-Projekten
Fähigkeit, Unternehmensbewertungen mittels aktueller Bewertungsverfahren durchzuführen und so Strategien quantitativ zu bewerten
Fähigkeit, wertorientierte Steuerungssysteme in Unternehmen einzusetzen und mit strategischen Maßnahmen zu verknüpfen
Fähigkeit, Chancen und Risiken in strategischen Projekte zu erkennen und zu bewerten</text>
      </description>
    </learningOutcome>
    <learningOutcome id="urn:thl:learningoutcome:16594#1">
      <prefLabel lang="de">Operations Management</prefLabel>
      <description>
        <text content-type="text/plain" lang="de">Die Lehrveranstaltung befähigt Studierende:
	- Strategische und operative Operations Management-Entscheidungen in einem Unternehmen vorzubereiten bzw. mitzugestalten
	- Die wesentlichen Instrumente und Konzepte des Operations  Managements zu kennen und anwenden zu können.</text>
      </description>
    </learningOutcome>
    <learningOutcome id="urn:thl:learningoutcome:16577#1">
      <prefLabel lang="de">Märkte und Marktstrategien</prefLabel>
      <description>
        <text content-type="text/plain" lang="de">Die Absolventinnen und Absolventen erwerben Kompetenzen zur Bearbeitung der Herausforderungen, die mit der strategischen Positionierung von Unternehmen, deren Produkten und Preisen verbunden sind. Auf Basis der Analyse unterschiedlicher Marktformen werden die Studierenden befähigt, solche marktorientierten Unternehmensentscheidungen eigenverantwortlich vorzubereiten und zu steuern. Unter Berücksichtigung der wirtschaftlichen und gesellschaftlichen Rahmenbedingungen sind sie darüber hinaus in der Lage, forschungsorientierte Aufgaben zu formulieren und zu bearbeiten und können sich dazu erforderliche Kenntnisse auch eigenständig erschließen.</text>
      </description>
    </learningOutcome>
    <learningOutcome id="urn:thl:learningoutcome:16560#1">
      <prefLabel lang="de">Contemporary Issues of Euro area Monetary Policy</prefLabel>
      <description>
        <text content-type="text/plain" lang="de">Students develop an understanding of the functioning of (European) monetary policy and can independently analyse international monetary and capital markets in order to make well-founded business investment and financing decisions. Further, students will be able to make use of a quantitative and qualitative toolkit to assess current developments in (Euro area) financial markets as well as their implications for business practice.</text>
      </description>
    </learningOutcome>
    <learningOutcome id="urn:thl:learningoutcome:16543#1">
      <prefLabel lang="de">Analyse und Konzepte ökonomischen Denkens</prefLabel>
      <description>
        <text content-type="text/plain" lang="de">Seminar Empirische Forschungsmethoden:
Fachkompetenz:
Die Studierenden sind in der Lage, mit Hilfe adäquater quantitativer Methoden Informationen über den relevanten Markt zu generieren.
Methodenkompetenz:
Sie können durch Gestaltung eines fundierten Fragebogens eine repräsentative Erhebung durchführen und anschließend durch Anwendung induktiver statistischer Methoden Schlüsse auf die interessierende Grundgesamt ziehen.
Sozialkompetenz:
Die Studierenden sind in der Lage, angewandte Forschungsmethoden gegenüber Gesprächspartnern plausibel und hinreichend überzeugend zu erläutern.
Selbstkompetenz:
Ihre Fach- und Methodenkompetenz ermöglicht es den Studierenden, die Anwendung von quantitativen und qualitativen Forschungsmethoden selbstbewusst vorzutragen und zu verteidigen.

Behavioural Economics:
Leaving behind the myth of the homo oeconomicus, students will be enabled to correctly understand, assess, apply and interpret contemporary concepts of decision-making under uncertainty. Special emphasis will be placed on anomalies in human behaviour and the role of heuristics.</text>
      </description>
    </learningOutcome>
    <studyProgramme id="urn:thl:learning:spec:studyprogramme:66877677">
      <title lang="de">Betriebswirtschaftslehre, Master</title>
      <hasEducationLevel>
        <targetName lang="de">M. Sc.</targetName>
      </hasEducationLevel>
    </studyProgramme>
    <stupo id="urn:thl:learning:spec:stupo:66877677">
      <title lang="de">Betriebswirtschaftslehre, Master</title>
      <specializationOf idref="urn:thl:learning:spec:studyprogramme:66877677"/>
    </stupo>
    <studySection id="urn:thl:learning:spec:studysection:66877677">
      <title lang="de">Betriebswirtschaftslehre, Master</title>
      <hasPart idref="urn:thl:learning:spec:16543#1"/>
      <hasPart idref="urn:thl:learning:spec:16560#1"/>
      <hasPart idref="urn:thl:learning:spec:16577#1"/>
      <hasPart idref="urn:thl:learning:spec:16594#1"/>
      <hasPart idref="urn:thl:learning:spec:16611#1"/>
      <hasPart idref="urn:thl:learning:spec:16628#1"/>
      <hasPart idref="urn:thl:learning:spec:16645#1"/>
      <hasPart idref="urn:thl:learning:spec:16662#1"/>
      <hasPart idref="urn:thl:learning:spec:16679#1"/>
      <hasPart idref="urn:thl:learning:spec:16696#1"/>
      <hasPart idref="urn:thl:learning:spec:16713#1"/>
      <hasPart idref="urn:thl:learning:spec:16730#1"/>
      <hasPart idref="urn:thl:learning:spec:16747#1"/>
      <hasPart idref="urn:thl:learning:spec:16764#1"/>
      <hasPart idref="urn:thl:learning:spec:16781#1"/>
      <hasPart idref="urn:thl:learning:spec:16798#1"/>
      <hasPart idref="urn:thl:learning:spec:16815#1"/>
    </studySection>
    <modulSpecialization id="urn:thl:learning:spec:16543#1">
      <identifier>16543#1</identifier>
      <type uri="http://data.europa.eu/europass/learningOpportunityType/course"/>
      <title lang="de">Analyse und Konzepte ökonomischen Denkens</title>
      <definition>
        <text content-type="text/plain" lang="de">Seminar Empirische Forschungsmethoden:
	- Entwicklung eines Fragebogens
	- Quantitative und qualitative Datenanalyse (deskriptiv)
	- Quantitative und qualitative Datenanalyse (induktiv)

Behavioural Economics:
This lecture will impart detailed knowledge regarding the analyses and assessments of decision-making under uncertainty. In an attempt to portray a more realistic image of human behaviour, special emphasis will be placed on potential anomalies, which lead to the concept of rationality (and thus the homo oeconomicus) eventually being replaced by the concept of bounded rationality (and thus the homo oeconomicus humanus). Based on several practical experiments and examples, students will discuss the role of heuristics within decision-making.
	- Fundamentals of Behavioural Economics
	- Rationality versus Bounded Rationality
	- Anomalies in Human Behaviour
	- Heuristics
	- Prospect Theory</text>
      </definition>
      <additionalNote>
        <text content-type="text/plain" lang="de">Literaturangaben: Raab-Steiner, Benesch, Der Fragebogen – von der Forschungsidee zur SPSS-Auswertung, UTB, aktuelle Auflage;
Eckstein, Statistik für Wirtschaftswissenschaftler, Eine realdatenbasierte Einführung mit SPSS, SpringerGabler, aktuelle Auflage;
Backhaus, Multivariate Analysemethoden, SpringerGabler, aktuelle Auflage.
</text>
      </additionalNote>
      <additionalNote>
        <text content-type="text/plain" lang="de">Anmeldeformalitäten: Die Studierenden haben keine besonderen Anmeldeformalitäten zu beachten.</text>
      </additionalNote>
      <additionalNote>
        <text content-type="text/plain" lang="de">Gültigkeit: Seit 14.11.2020</text>
      </additionalNote>
      <supplementaryDoc uri="https://pim.moses.tu-berlin.de/moses/modultransfersystem/bolognamodule/beschreibung/anzeigen.html?number=16543&amp;amp;version=1">
        <subject uri="http://data.europa.eu/esco/qualification-topics#entry-requirements"/>
      </supplementaryDoc>
      <volumeOfLearning>P0Y0M0DT150H0M0S</volumeOfLearning>
      <hasECTSCreditPoints schemeID="http://data.europa.eu/europass/educationalCreditPointSystem/ects">5</hasECTSCreditPoints>
      <language uri="http://publications.europa.eu/resource/authority/language/ENG"/>
      <mode uri="http://data.europa.eu/europass/modeOfLearningAndAssessment/blended"/>
      <duration>P0Y6M0DT0H0M0S</duration>
      <targetGroup uri="http://data.europa.eu/europass/targetGroup/adults"/>
      <entryRequirementsNote>
        <text content-type="text/html" lang="de">&amp;lt;![CDATA[Wünschenswerte Voraussetzungen für die Teilnahme an den Lehrveranstaltungen: null;&amp;lt;br/&amp;gt;Verpflichtende Voraussetzungen für die Modulprüfungsanmeldung: Keine Angabe]]&amp;gt;</text>
      </entryRequirementsNote>
      <learningOutcomes>
        <learningOutcome idref="urn:thl:learningoutcome:16543#1"/>
      </learningOutcomes>
      <assessmentSpecification idref="urn:thl:assessment:spec:16543#1"/>
      <awardingOpportunities>
        <awardingOpportunity>
          <organization idref="urn:epass:thl:organization:927"/>
          <location uri="http://publications.europa.eu/resource/authority/country/DEU"/>
          <startedAtTime>2018-03-31T23:59:59.000Z</startedAtTime>
        </awardingOpportunity>
      </awardingOpportunities>
      <hasPart idref="urn:thl:learning:spec:16543#1-1"/>
      <hasPart idref="urn:thl:learning:spec:16543#1-2"/>
      <specializationOf idref="urn:thl:learning:spec:16543"/>
    </modulSpecialization>
    <learningEvent id="urn:thl:learning:spec:16543#1-1">
      <type uri="http://data.europa.eu/europass/learningOpportunityType/class"/>
      <title lang="de">Seminar Empirische Forschungsmethoden</title>
      <learningActivitySpecification idref="urn:thl:learningactivity:spec:16543#1-1"/>
    </learningEvent>
    <learningEvent id="urn:thl:learning:spec:16543#1-2">
      <type uri="http://data.europa.eu/europass/learningOpportunityType/class"/>
      <title lang="de">Behavioural Economics</title>
      <learningActivitySpecification idref="urn:thl:learningactivity:spec:16543#1-2"/>
    </learningEvent>
    <modul id="urn:thl:learning:spec:16543">
      <identifier>16543</identifier>
      <type uri="http://data.europa.eu/europass/learningOpportunityType/programModule"/>
      <title lang="de">Modul 16543</title>
    </modul>
    <modulSpecialization id="urn:thl:learning:spec:16560#1">
      <identifier>16560#1</identifier>
      <type uri="http://data.europa.eu/europass/learningOpportunityType/course"/>
      <title lang="de">Contemporary Issues of Euro area Monetary Policy</title>
      <definition>
        <text content-type="text/plain" lang="de">- Monetary Theory
	- (European) Monetary Policy</text>
      </definition>
      <additionalNote>
        <text content-type="text/plain" lang="de">Literaturangaben: Belke, A., Polleit, T. (2010), Monetary Economics in Globalised Financial Markets, Springer, Heidelberg
Dierks, L. (2016), Eine Taylor-Regel für die Eurozone, WiSt, 11, November, pgs. 606-609
Dierks, L. (2016), Helikopter-Geld für die Eurozone – Die Ultima Ratio der Geldpolitik? www.oekonomenstimme.org
Dierks, L. (2015), Die US-Zinswende – Beginn eines neuen Zinszyklus? www.oekonomenstimme.org
European Central Bank (2011), The Monetary Policy of the ECB, 3rd edition, Frankfurt
Fabozzi, F. J., Mann, S. V. (2012), Handbook of Fixed Income Markets, 8th edition, McGraw-Hill §
Illing, G. (1997), Theorie der Geldpolitik, Springer, Berlin § Issing, O. (2011), Einführung in die Geldtheorie, 15th edition, Vahlen, München
Jarchow, H.-J. (2009), Grundriss der Geldpolitik, 9th edition, Lucius &amp; Lucius, Stuttgart
Jarchow, H.-J. (2012), Grundriss der Geldtheorie, 12th edition, Lucius &amp; Lucius, Stuttgart
Kokkola, T. (2010), The payment system: payments, securities and derivatives, and the role of the Eurosystem, ECB, Frankfurt
Mishkin, F. (2012), The Economics of Money, Banking, and Financial Markets, 10th edition, Pearson
Shapiro, A. C., Moles, P., (2014), International Financial Management, Wiley, Chichester
Walsh, C.E. (2010), Monetary Theory and Policy, 3rd edition, MIT Press, Cambridge
</text>
      </additionalNote>
      <additionalNote>
        <text content-type="text/plain" lang="de">Anmeldeformalitäten: Die Studierenden haben keine besonderen Anmeldeformalitäten zu beachten.</text>
      </additionalNote>
      <additionalNote>
        <text content-type="text/plain" lang="de">Gültigkeit: Seit 14.11.2020</text>
      </additionalNote>
      <supplementaryDoc uri="https://pim.moses.tu-berlin.de/moses/modultransfersystem/bolognamodule/beschreibung/anzeigen.html?number=16560&amp;amp;version=1">
        <subject uri="http://data.europa.eu/esco/qualification-topics#entry-requirements"/>
      </supplementaryDoc>
      <volumeOfLearning>P0Y0M0DT150H0M0S</volumeOfLearning>
      <hasECTSCreditPoints schemeID="http://data.europa.eu/europass/educationalCreditPointSystem/ects">5</hasECTSCreditPoints>
      <language uri="http://publications.europa.eu/resource/authority/language/ENG"/>
      <mode uri="http://data.europa.eu/europass/modeOfLearningAndAssessment/blended"/>
      <duration>P0Y6M0DT0H0M0S</duration>
      <targetGroup uri="http://data.europa.eu/europass/targetGroup/adults"/>
      <entryRequirementsNote>
        <text content-type="text/html" lang="de">&amp;lt;![CDATA[Wünschenswerte Voraussetzungen für die Teilnahme an den Lehrveranstaltungen: null;&amp;lt;br/&amp;gt;Verpflichtende Voraussetzungen für die Modulprüfungsanmeldung: Keine Angabe]]&amp;gt;</text>
      </entryRequirementsNote>
      <learningOutcomes>
        <learningOutcome idref="urn:thl:learningoutcome:16560#1"/>
      </learningOutcomes>
      <assessmentSpecification idref="urn:thl:assessment:spec:16560#1"/>
      <awardingOpportunities>
        <awardingOpportunity>
          <organization idref="urn:epass:thl:organization:927"/>
          <location uri="http://publications.europa.eu/resource/authority/country/DEU"/>
          <startedAtTime>2018-03-31T23:59:59.000Z</startedAtTime>
        </awardingOpportunity>
      </awardingOpportunities>
      <hasPart idref="urn:thl:learning:spec:16560#1-1"/>
      <specializationOf idref="urn:thl:learning:spec:16560"/>
    </modulSpecialization>
    <learningEvent id="urn:thl:learning:spec:16560#1-1">
      <type uri="http://data.europa.eu/europass/learningOpportunityType/class"/>
      <title lang="de">Contemporary Issues of Euro area Monetary Policy</title>
      <learningActivitySpecification idref="urn:thl:learningactivity:spec:16560#1-1"/>
    </learningEvent>
    <modul id="urn:thl:learning:spec:16560">
      <identifier>16560</identifier>
      <type uri="http://data.europa.eu/europass/learningOpportunityType/programModule"/>
      <title lang="de">Modul 16560</title>
    </modul>
    <modulSpecialization id="urn:thl:learning:spec:16577#1">
      <identifier>16577#1</identifier>
      <type uri="http://data.europa.eu/europass/learningOpportunityType/course"/>
      <title lang="de">Märkte und Marktstrategien</title>
      <definition>
        <text content-type="text/plain" lang="de">Es werden Verfahren und Konzepte der Markt- und Positionierungsanalyse vorgestellt, analysiert und erprobt. Besondere Schwerpunkte liegen dabei auf dem Zusammenspiel von Marktform und Marketingstrategie, sowie dem Kundennutzen als zentraler Zielgröße des Marketing.</text>
      </definition>
      <additionalNote>
        <text content-type="text/plain" lang="de">Literaturangaben: Allen, Doherty, Weigelt, Mansfield: Managerial Economics, aktuelle Auflage (Norton)
Backhaus, Erichson, Plinke, Weiber: Multivariate Analysemethoden, aktuelle Auflage (Springer)
Dolan, Gourville, Pricing Strategy, Harvard Business Publishing, 2014
Griffiths, Alan/ Wall, Stuart: Economics for Business and Management, aktuelle Auflage (Prentice Hall)
Gupta, Creating Customer Value, Harvard Business Publishing, 2014.
Hooley, Piercy, Nicoulaud, Marketing Strategy and Competitive Positioning, aktuelle Auflage (Prentice Hall)
Pindyk, Robert/ Rubinfeld, Daniel: Mikroökonomie, aktuelle Auflage (Pearson)
Porter, Competitive Strategy, Free Press 2004
Simon, Hermann/ Fassnacht, Martin, Preismanagement, aktuelle Auflage (Gabler)
</text>
      </additionalNote>
      <additionalNote>
        <text content-type="text/plain" lang="de">Anmeldeformalitäten: Die Studierenden haben keine besonderen Anmeldeformalitäten zu beachten.</text>
      </additionalNote>
      <additionalNote>
        <text content-type="text/plain" lang="de">Gültigkeit: Seit 14.11.2020</text>
      </additionalNote>
      <supplementaryDoc uri="https://pim.moses.tu-berlin.de/moses/modultransfersystem/bolognamodule/beschreibung/anzeigen.html?number=16577&amp;amp;version=1">
        <subject uri="http://data.europa.eu/esco/qualification-topics#entry-requirements"/>
      </supplementaryDoc>
      <volumeOfLearning>P0Y0M0DT150H0M0S</volumeOfLearning>
      <hasECTSCreditPoints schemeID="http://data.europa.eu/europass/educationalCreditPointSystem/ects">5</hasECTSCreditPoints>
      <language uri="http://publications.europa.eu/resource/authority/language/DEU"/>
      <mode uri="http://data.europa.eu/europass/modeOfLearningAndAssessment/blended"/>
      <duration>P0Y6M0DT0H0M0S</duration>
      <targetGroup uri="http://data.europa.eu/europass/targetGroup/adults"/>
      <entryRequirementsNote>
        <text content-type="text/html" lang="de">&amp;lt;![CDATA[Wünschenswerte Voraussetzungen für die Teilnahme an den Lehrveranstaltungen: null;&amp;lt;br/&amp;gt;Verpflichtende Voraussetzungen für die Modulprüfungsanmeldung: Keine Angabe]]&amp;gt;</text>
      </entryRequirementsNote>
      <learningOutcomes>
        <learningOutcome idref="urn:thl:learningoutcome:16577#1"/>
      </learningOutcomes>
      <assessmentSpecification idref="urn:thl:assessment:spec:16577#1"/>
      <awardingOpportunities>
        <awardingOpportunity>
          <organization idref="urn:epass:thl:organization:927"/>
          <location uri="http://publications.europa.eu/resource/authority/country/DEU"/>
          <startedAtTime>2018-03-31T23:59:59.000Z</startedAtTime>
        </awardingOpportunity>
      </awardingOpportunities>
      <hasPart idref="urn:thl:learning:spec:16577#1-1"/>
      <specializationOf idref="urn:thl:learning:spec:16577"/>
    </modulSpecialization>
    <learningEvent id="urn:thl:learning:spec:16577#1-1">
      <type uri="http://data.europa.eu/europass/learningOpportunityType/class"/>
      <title lang="de">Märkte und Marktstrategien</title>
      <learningActivitySpecification idref="urn:thl:learningactivity:spec:16577#1-1"/>
    </learningEvent>
    <modul id="urn:thl:learning:spec:16577">
      <identifier>16577</identifier>
      <type uri="http://data.europa.eu/europass/learningOpportunityType/programModule"/>
      <title lang="de">Modul 16577</title>
    </modul>
    <modulSpecialization id="urn:thl:learning:spec:16594#1">
      <identifier>16594#1</identifier>
      <type uri="http://data.europa.eu/europass/learningOpportunityType/course"/>
      <title lang="de">Operations Management</title>
      <definition>
        <text content-type="text/plain" lang="de">- Einführung
	- Nachfrageprognose
	- Standortplanung
	- Prozessdesign
	- Bestandsmanagement
	- Produktions- und Ablaufplanung
	- Revenue Management</text>
      </definition>
      <additionalNote>
        <text content-type="text/plain" lang="de">Literaturangaben: Corsten, H.; Gössinger, R.: Produktionswirtschaft. Oldenbourg: München und Wien 2016
Gaitanides, M.: Prozessorganisation. München: Vahlen 2012
Günther, H.-O.; Tempelmeier, H.: Produktion und Logistik. Springer: Berlin/Heidelberg: 2012
Heizer, J.: Render; B. Operations Management. Boston et al.: Pearson: 2015
Mertens. P.; Rässler, S. (Hg.): Prognoserechnung. Springer: Berlin/Heidelberg: 2012
Thonemann, U.: Operations Management. Pearson: München  2015
</text>
      </additionalNote>
      <additionalNote>
        <text content-type="text/plain" lang="de">Anmeldeformalitäten: Die Studierenden haben keine besonderen Anmeldeformalitäten zu beachten.</text>
      </additionalNote>
      <additionalNote>
        <text content-type="text/plain" lang="de">Gültigkeit: Seit 14.11.2020</text>
      </additionalNote>
      <supplementaryDoc uri="https://pim.moses.tu-berlin.de/moses/modultransfersystem/bolognamodule/beschreibung/anzeigen.html?number=16594&amp;amp;version=1">
        <subject uri="http://data.europa.eu/esco/qualification-topics#entry-requirements"/>
      </supplementaryDoc>
      <volumeOfLearning>P0Y0M0DT150H0M0S</volumeOfLearning>
      <hasECTSCreditPoints schemeID="http://data.europa.eu/europass/educationalCreditPointSystem/ects">5</hasECTSCreditPoints>
      <language uri="http://publications.europa.eu/resource/authority/language/DEU"/>
      <mode uri="http://data.europa.eu/europass/modeOfLearningAndAssessment/blended"/>
      <duration>P0Y6M0DT0H0M0S</duration>
      <targetGroup uri="http://data.europa.eu/europass/targetGroup/adults"/>
      <entryRequirementsNote>
        <text content-type="text/html" lang="de">&amp;lt;![CDATA[Wünschenswerte Voraussetzungen für die Teilnahme an den Lehrveranstaltungen: null;&amp;lt;br/&amp;gt;Verpflichtende Voraussetzungen für die Modulprüfungsanmeldung: Keine Angabe]]&amp;gt;</text>
      </entryRequirementsNote>
      <learningOutcomes>
        <learningOutcome idref="urn:thl:learningoutcome:16594#1"/>
      </learningOutcomes>
      <assessmentSpecification idref="urn:thl:assessment:spec:16594#1"/>
      <awardingOpportunities>
        <awardingOpportunity>
          <organization idref="urn:epass:thl:organization:927"/>
          <location uri="http://publications.europa.eu/resource/authority/country/DEU"/>
          <startedAtTime>2018-03-31T23:59:59.000Z</startedAtTime>
        </awardingOpportunity>
      </awardingOpportunities>
      <hasPart idref="urn:thl:learning:spec:16594#1-1"/>
      <specializationOf idref="urn:thl:learning:spec:16594"/>
    </modulSpecialization>
    <learningEvent id="urn:thl:learning:spec:16594#1-1">
      <type uri="http://data.europa.eu/europass/learningOpportunityType/class"/>
      <title lang="de">Operations Management</title>
      <learningActivitySpecification idref="urn:thl:learningactivity:spec:16594#1-1"/>
    </learningEvent>
    <modul id="urn:thl:learning:spec:16594">
      <identifier>16594</identifier>
      <type uri="http://data.europa.eu/europass/learningOpportunityType/programModule"/>
      <title lang="de">Modul 16594</title>
    </modul>
    <modulSpecialization id="urn:thl:learning:spec:16611#1">
      <identifier>16611#1</identifier>
      <type uri="http://data.europa.eu/europass/learningOpportunityType/course"/>
      <title lang="de">Strategisches Controlling</title>
      <definition>
        <text content-type="text/plain" lang="de">Strategische Planung
Strategische Kontroll-/Steuerungssysteme
Unternehmensakquisitionen und Unternehmensbewertung
Wertorientierte Unternehmensführung
Investitionsrechnung unter Unsicherheit
	- Instrumente der strategischen Planung
	- Einflussgrößen auf strategische Entscheidungen
	- Analyse von „Standard-Strategien“
	- Elemente von strategischen Kontrollsystemen
	- Strategische Frühaufklärung (Indikatorbasierte Systeme, Auswertung schwacher Signale)
	- Performance Measurement Systeme als Bindeglied zwischen strategischer und operativer Planung und Kontrolle
	- Mergers &amp; Acquisitions: Formen, Prozesse, Motive, Risiken
	- Unternehmensbewertung: Discounted Cashflow Verfahren (insbesondere WACC/Entity-Ansatz) und Multiple-Analysen
	- Wesentliche Aspekte der Post Merger Integration
	- Bewertungsorientiertes M&amp;A-Controlling
	- Elemente wertorientierter Strategien und wertorientierter Controllingsysteme
	- Wertorientierte Kennzahlen: Return on Capital Employed, Economic Value Added, Cashflow Return on Investment, Cash Value Added
	- Herleitung von Kapitalkosten für einzelne Geschäftsfelder
	- Lücke Theorem als Bindeglied zwischen Wertkennzahlen und Kapitalwertrechnungen
	- Wertberichterstattung
	- Instrumente: z.B. Sensitvitätsrechnungen, Entscheidungsbaumverfahren
	- Risikoanalyse</text>
      </definition>
      <additionalNote>
        <text content-type="text/plain" lang="de">Literaturangaben: Ballwieser, W.: Unternehmensbewertung: Prozess, Methoden und Probleme, 5. Auflage, Schäffer-Poeschel, Stuttgart, 2016
Baum, H.-G., Coenenberg, A. G., Günther, T. Strategisches Controlling, 5. Auflage, Schaeffer-Poeschel, Stuttgart, 2013
Britzelmaier, B., Wertorientierte Unternehmensführung, 2. Auflage, kiehl, Baden Baden, 2013
Coenenberg, A. G.; Salfeld, R.: Wertorientierte Unternehmensführung – Vom Strategieentwurf zur Implementierung, 2. Auflage, Schäffer-Poeschel, Stuttgart, 2007
Ernst, D. et al., Internationale Unternehmensbewertung – Ein Praxisleitfaden, Pearson, München, 2012
Ernst, D., Schneider, S., Thielen, B., Unternehmensbewertungen erstellen und verstehen, 6. Auflage, Vahlen, München, 2017
Horvath, P., Controlling, 13. Auflage, Vahlen, München, 2015
</text>
      </additionalNote>
      <additionalNote>
        <text content-type="text/plain" lang="de">Anmeldeformalitäten: Die Studierenden haben keine besonderen Anmeldeformalitäten zu beachten.</text>
      </additionalNote>
      <additionalNote>
        <text content-type="text/plain" lang="de">Gültigkeit: Seit 14.11.2020</text>
      </additionalNote>
      <supplementaryDoc uri="https://pim.moses.tu-berlin.de/moses/modultransfersystem/bolognamodule/beschreibung/anzeigen.html?number=16611&amp;amp;version=1">
        <subject uri="http://data.europa.eu/esco/qualification-topics#entry-requirements"/>
      </supplementaryDoc>
      <volumeOfLearning>P0Y0M0DT150H0M0S</volumeOfLearning>
      <hasECTSCreditPoints schemeID="http://data.europa.eu/europass/educationalCreditPointSystem/ects">5</hasECTSCreditPoints>
      <language uri="http://publications.europa.eu/resource/authority/language/DEU"/>
      <mode uri="http://data.europa.eu/europass/modeOfLearningAndAssessment/blended"/>
      <duration>P0Y6M0DT0H0M0S</duration>
      <targetGroup uri="http://data.europa.eu/europass/targetGroup/adults"/>
      <entryRequirementsNote>
        <text content-type="text/html" lang="de">&amp;lt;![CDATA[Wünschenswerte Voraussetzungen für die Teilnahme an den Lehrveranstaltungen: null;&amp;lt;br/&amp;gt;Verpflichtende Voraussetzungen für die Modulprüfungsanmeldung: Keine Angabe]]&amp;gt;</text>
      </entryRequirementsNote>
      <learningOutcomes>
        <learningOutcome idref="urn:thl:learningoutcome:16611#1"/>
      </learningOutcomes>
      <assessmentSpecification idref="urn:thl:assessment:spec:16611#1"/>
      <awardingOpportunities>
        <awardingOpportunity>
          <organization idref="urn:epass:thl:organization:927"/>
          <location uri="http://publications.europa.eu/resource/authority/country/DEU"/>
          <startedAtTime>2018-03-31T23:59:59.000Z</startedAtTime>
        </awardingOpportunity>
      </awardingOpportunities>
      <hasPart idref="urn:thl:learning:spec:16611#1-1"/>
      <specializationOf idref="urn:thl:learning:spec:16611"/>
    </modulSpecialization>
    <learningEvent id="urn:thl:learning:spec:16611#1-1">
      <type uri="http://data.europa.eu/europass/learningOpportunityType/class"/>
      <title lang="de">Strategisches Controlling</title>
      <learningActivitySpecification idref="urn:thl:learningactivity:spec:16611#1-1"/>
    </learningEvent>
    <modul id="urn:thl:learning:spec:16611">
      <identifier>16611</identifier>
      <type uri="http://data.europa.eu/europass/learningOpportunityType/programModule"/>
      <title lang="de">Modul 16611</title>
    </modul>
    <modulSpecialization id="urn:thl:learning:spec:16628#1">
      <identifier>16628#1</identifier>
      <type uri="http://data.europa.eu/europass/learningOpportunityType/course"/>
      <title lang="de">Unternehmensplanung</title>
      <definition>
        <text content-type="text/plain" lang="de">Einführung (Definition, Aufgaben …), Wesentliche Teilplanungen im Rahmen der Unternehmensplanung (Strategische Planung, Finanzplanung, Businessplan …), Planspiele / Praxisseminare.</text>
      </definition>
      <additionalNote>
        <text content-type="text/plain" lang="de">Literaturangaben: Ehrmann, H.: Unternehmensplanung, Kiehl, Ludwigshafen (Rhein), 2007
Klandt, H.: Gründungsmanagement: Der integrierte Unternehmensplan. 2. Aufl. Oldenbourg: Oldenbourg. 2006
Ries, E.: The Lean Startup: How Today's Entrepreneurs Use Continuous Innovation to Create Radically Successful Businesses. London: Penguin Books. 2017.
</text>
      </additionalNote>
      <additionalNote>
        <text content-type="text/plain" lang="de">Anmeldeformalitäten: Die Studierenden haben keine besonderen Anmeldeformalitäten zu beachten.</text>
      </additionalNote>
      <additionalNote>
        <text content-type="text/plain" lang="de">Gültigkeit: Seit 14.11.2020</text>
      </additionalNote>
      <supplementaryDoc uri="https://pim.moses.tu-berlin.de/moses/modultransfersystem/bolognamodule/beschreibung/anzeigen.html?number=16628&amp;amp;version=1">
        <subject uri="http://data.europa.eu/esco/qualification-topics#entry-requirements"/>
      </supplementaryDoc>
      <volumeOfLearning>P0Y0M0DT150H0M0S</volumeOfLearning>
      <hasECTSCreditPoints schemeID="http://data.europa.eu/europass/educationalCreditPointSystem/ects">5</hasECTSCreditPoints>
      <language uri="http://publications.europa.eu/resource/authority/language/DEU"/>
      <mode uri="http://data.europa.eu/europass/modeOfLearningAndAssessment/blended"/>
      <duration>P0Y6M0DT0H0M0S</duration>
      <targetGroup uri="http://data.europa.eu/europass/targetGroup/adults"/>
      <entryRequirementsNote>
        <text content-type="text/html" lang="de">&amp;lt;![CDATA[Wünschenswerte Voraussetzungen für die Teilnahme an den Lehrveranstaltungen: null;&amp;lt;br/&amp;gt;Verpflichtende Voraussetzungen für die Modulprüfungsanmeldung: Keine Angabe]]&amp;gt;</text>
      </entryRequirementsNote>
      <learningOutcomes>
        <learningOutcome idref="urn:thl:learningoutcome:16628#1"/>
      </learningOutcomes>
      <assessmentSpecification idref="urn:thl:assessment:spec:16628#1"/>
      <awardingOpportunities>
        <awardingOpportunity>
          <organization idref="urn:epass:thl:organization:927"/>
          <location uri="http://publications.europa.eu/resource/authority/country/DEU"/>
          <startedAtTime>2018-03-31T23:59:59.000Z</startedAtTime>
        </awardingOpportunity>
      </awardingOpportunities>
      <hasPart idref="urn:thl:learning:spec:16628#1-1"/>
      <specializationOf idref="urn:thl:learning:spec:16628"/>
    </modulSpecialization>
    <learningEvent id="urn:thl:learning:spec:16628#1-1">
      <type uri="http://data.europa.eu/europass/learningOpportunityType/class"/>
      <title lang="de">Unternehmensplanung</title>
      <learningActivitySpecification idref="urn:thl:learningactivity:spec:16628#1-1"/>
    </learningEvent>
    <modul id="urn:thl:learning:spec:16628">
      <identifier>16628</identifier>
      <type uri="http://data.europa.eu/europass/learningOpportunityType/programModule"/>
      <title lang="de">Modul 16628</title>
    </modul>
    <modulSpecialization id="urn:thl:learning:spec:16645#1">
      <identifier>16645#1</identifier>
      <type uri="http://data.europa.eu/europass/learningOpportunityType/course"/>
      <title lang="de">Fallstudien zu Controlling, Finanzierung, Marketing</title>
      <definition>
        <text content-type="text/plain" lang="de">Es werden im Semesterverlauf drei ausgewählte umfangreiche Fallstudien mit aktuellem Praxisbezug bearbeitet und analysiert.
Die konkreten Themen der Fallstudien werden zu Beginn des Semesters von den verantwortlichen Dozent/innen bekannt gegeben.</text>
      </definition>
      <additionalNote>
        <text content-type="text/plain" lang="de">Literaturangaben: </text>
      </additionalNote>
      <additionalNote>
        <text content-type="text/plain" lang="de">Anmeldeformalitäten: Die Studierenden haben keine besonderen Anmeldeformalitäten zu beachten.</text>
      </additionalNote>
      <additionalNote>
        <text content-type="text/plain" lang="de">Gültigkeit: Seit 14.11.2020</text>
      </additionalNote>
      <supplementaryDoc uri="https://pim.moses.tu-berlin.de/moses/modultransfersystem/bolognamodule/beschreibung/anzeigen.html?number=16645&amp;amp;version=1">
        <subject uri="http://data.europa.eu/esco/qualification-topics#entry-requirements"/>
      </supplementaryDoc>
      <volumeOfLearning>P0Y0M0DT150H0M0S</volumeOfLearning>
      <hasECTSCreditPoints schemeID="http://data.europa.eu/europass/educationalCreditPointSystem/ects">5</hasECTSCreditPoints>
      <language uri="http://publications.europa.eu/resource/authority/language/DEU"/>
      <mode uri="http://data.europa.eu/europass/modeOfLearningAndAssessment/blended"/>
      <duration>P0Y6M0DT0H0M0S</duration>
      <targetGroup uri="http://data.europa.eu/europass/targetGroup/adults"/>
      <entryRequirementsNote>
        <text content-type="text/html" lang="de">&amp;lt;![CDATA[Wünschenswerte Voraussetzungen für die Teilnahme an den Lehrveranstaltungen: null;&amp;lt;br/&amp;gt;Verpflichtende Voraussetzungen für die Modulprüfungsanmeldung: Keine Angabe]]&amp;gt;</text>
      </entryRequirementsNote>
      <learningOutcomes>
        <learningOutcome idref="urn:thl:learningoutcome:16645#1"/>
      </learningOutcomes>
      <assessmentSpecification idref="urn:thl:assessment:spec:16645#1"/>
      <awardingOpportunities>
        <awardingOpportunity>
          <organization idref="urn:epass:thl:organization:927"/>
          <location uri="http://publications.europa.eu/resource/authority/country/DEU"/>
          <startedAtTime>2018-03-31T23:59:59.000Z</startedAtTime>
        </awardingOpportunity>
      </awardingOpportunities>
      <hasPart idref="urn:thl:learning:spec:16645#1-1"/>
      <specializationOf idref="urn:thl:learning:spec:16645"/>
    </modulSpecialization>
    <learningEvent id="urn:thl:learning:spec:16645#1-1">
      <type uri="http://data.europa.eu/europass/learningOpportunityType/class"/>
      <title lang="de">Fallstudien zu Controlling, Finanzierung, Marketing</title>
      <learningActivitySpecification idref="urn:thl:learningactivity:spec:16645#1-1"/>
    </learningEvent>
    <modul id="urn:thl:learning:spec:16645">
      <identifier>16645</identifier>
      <type uri="http://data.europa.eu/europass/learningOpportunityType/programModule"/>
      <title lang="de">Modul 16645</title>
    </modul>
    <modulSpecialization id="urn:thl:learning:spec:16662#1">
      <identifier>16662#1</identifier>
      <type uri="http://data.europa.eu/europass/learningOpportunityType/course"/>
      <title lang="de">Forschungsprojekte</title>
      <definition>
        <text content-type="text/plain" lang="de">Die Studierenden arbeiten unter Betreuung und seminaristischer Anleitung selbständig an aktuellen (vorgegebenen) wissenschaftlichen Forschungsprojekten in den thematischen Schwerpunkten der BWL.</text>
      </definition>
      <additionalNote>
        <text content-type="text/plain" lang="de">Literaturangaben: Aktuelle Quellen und Forschungsergebnisse zu den bearbeiteten Themen.
</text>
      </additionalNote>
      <additionalNote>
        <text content-type="text/plain" lang="de">Anmeldeformalitäten: Die Studierenden haben keine besonderen Anmeldeformalitäten zu beachten.</text>
      </additionalNote>
      <additionalNote>
        <text content-type="text/plain" lang="de">Gültigkeit: Seit 14.11.2020</text>
      </additionalNote>
      <supplementaryDoc uri="https://pim.moses.tu-berlin.de/moses/modultransfersystem/bolognamodule/beschreibung/anzeigen.html?number=16662&amp;amp;version=1">
        <subject uri="http://data.europa.eu/esco/qualification-topics#entry-requirements"/>
      </supplementaryDoc>
      <volumeOfLearning>P0Y0M0DT150H0M0S</volumeOfLearning>
      <hasECTSCreditPoints schemeID="http://data.europa.eu/europass/educationalCreditPointSystem/ects">5</hasECTSCreditPoints>
      <language uri="http://publications.europa.eu/resource/authority/language/DEU"/>
      <mode uri="http://data.europa.eu/europass/modeOfLearningAndAssessment/blended"/>
      <duration>P0Y12M0DT0H0M0S</duration>
      <targetGroup uri="http://data.europa.eu/europass/targetGroup/adults"/>
      <entryRequirementsNote>
        <text content-type="text/html" lang="de">&amp;lt;![CDATA[Wünschenswerte Voraussetzungen für die Teilnahme an den Lehrveranstaltungen: null;&amp;lt;br/&amp;gt;Verpflichtende Voraussetzungen für die Modulprüfungsanmeldung: Keine Angabe]]&amp;gt;</text>
      </entryRequirementsNote>
      <learningOutcomes>
        <learningOutcome idref="urn:thl:learningoutcome:16662#1"/>
      </learningOutcomes>
      <assessmentSpecification idref="urn:thl:assessment:spec:16662#1"/>
      <awardingOpportunities>
        <awardingOpportunity>
          <organization idref="urn:epass:thl:organization:927"/>
          <location uri="http://publications.europa.eu/resource/authority/country/DEU"/>
          <startedAtTime>2018-03-31T23:59:59.000Z</startedAtTime>
        </awardingOpportunity>
      </awardingOpportunities>
      <hasPart idref="urn:thl:learning:spec:16662#1-1"/>
      <specializationOf idref="urn:thl:learning:spec:16662"/>
    </modulSpecialization>
    <learningEvent id="urn:thl:learning:spec:16662#1-1">
      <type uri="http://data.europa.eu/europass/learningOpportunityType/class"/>
      <title lang="de">Forschungsprojekte</title>
      <learningActivitySpecification idref="urn:thl:learningactivity:spec:16662#1-1"/>
    </learningEvent>
    <modul id="urn:thl:learning:spec:16662">
      <identifier>16662</identifier>
      <type uri="http://data.europa.eu/europass/learningOpportunityType/programModule"/>
      <title lang="de">Modul 16662</title>
    </modul>
    <modulSpecialization id="urn:thl:learning:spec:16679#1">
      <identifier>16679#1</identifier>
      <type uri="http://data.europa.eu/europass/learningOpportunityType/course"/>
      <title lang="de">Human Resources Management und Wirtschaftspsychologie</title>
      <definition>
        <text content-type="text/plain" lang="de">Human Resources Management:
Personalführung im internationalen Kontext
Organisationsmanagement im internationalen Kontext
	- Internationale Joint Ventures und Allianzen
	- Markteintrittsstrategien
	- Auswahl von internationalen Führungskräften
	- Auslandsentsendung, Reintegration und Internationale Karrierekonzepte
	- Vergütung und Steuern von Expatriats
	- Trends: Komplexität, Vernetzung, Arbeit 4.0, Informationsverarbeitungskapazitäten, transformationale Führung, moderierende Führung
	- Organisationstheorien
	- Moderne Organisationsdesigns (Design Thinking etc.)
	- Organisationskultur als Führungsinstrument
	- Intervention und Evaluation in Organisationen
	- Kommunikation und Konflikte auf Organisationsebene
	- Change Management
	- Agile Organisationen, SCRUM, Netzwerkansätze
	- Interkulturelle Kommunikation und Zusammenarbeit
	- Remote Leadership, virtuelle Führung

Wirtschaftspsychologie:
Gegenstand und Perspektive der Wirtschaftspsychologie
Sozialpsychologie
Arbeits- und Organisationspsychologie
Persönlichkeitspsychologie
Lernpsychologie
Kommunikationspsychologie
Psychologie als angewandte Wissenschaft
	- Sozialpsychologische Phänomene
	- Teamentwicklung
	- Arbeitsmotivation + Arbeitszufriedenheit
	- Arbeitsbelastung und Stress
	- Sozialisation und Commitment
Moderne Methoden der Personalauswahl – Personalentwicklung - Eignungsdiagnostik</text>
      </definition>
      <additionalNote>
        <text content-type="text/plain" lang="de">Literaturangaben: Peter Dowling, Marion Festing, Allen D. Engle: International Human Resource Management, 7.th ed., London 2017
</text>
      </additionalNote>
      <additionalNote>
        <text content-type="text/plain" lang="de">Anmeldeformalitäten: Die Studierenden haben keine besonderen Anmeldeformalitäten zu beachten.</text>
      </additionalNote>
      <additionalNote>
        <text content-type="text/plain" lang="de">Gültigkeit: Seit 14.11.2020</text>
      </additionalNote>
      <supplementaryDoc uri="https://pim.moses.tu-berlin.de/moses/modultransfersystem/bolognamodule/beschreibung/anzeigen.html?number=16679&amp;amp;version=1">
        <subject uri="http://data.europa.eu/esco/qualification-topics#entry-requirements"/>
      </supplementaryDoc>
      <volumeOfLearning>P0Y0M0DT150H0M0S</volumeOfLearning>
      <hasECTSCreditPoints schemeID="http://data.europa.eu/europass/educationalCreditPointSystem/ects">5</hasECTSCreditPoints>
      <language uri="http://publications.europa.eu/resource/authority/language/ENG"/>
      <mode uri="http://data.europa.eu/europass/modeOfLearningAndAssessment/blended"/>
      <duration>P0Y6M0DT0H0M0S</duration>
      <targetGroup uri="http://data.europa.eu/europass/targetGroup/adults"/>
      <entryRequirementsNote>
        <text content-type="text/html" lang="de">&amp;lt;![CDATA[Wünschenswerte Voraussetzungen für die Teilnahme an den Lehrveranstaltungen: null;&amp;lt;br/&amp;gt;Verpflichtende Voraussetzungen für die Modulprüfungsanmeldung: Keine Angabe]]&amp;gt;</text>
      </entryRequirementsNote>
      <learningOutcomes>
        <learningOutcome idref="urn:thl:learningoutcome:16679#1"/>
      </learningOutcomes>
      <assessmentSpecification idref="urn:thl:assessment:spec:16679#1"/>
      <awardingOpportunities>
        <awardingOpportunity>
          <organization idref="urn:epass:thl:organization:927"/>
          <location uri="http://publications.europa.eu/resource/authority/country/DEU"/>
          <startedAtTime>2018-03-31T23:59:59.000Z</startedAtTime>
        </awardingOpportunity>
      </awardingOpportunities>
      <hasPart idref="urn:thl:learning:spec:16679#1-1"/>
      <hasPart idref="urn:thl:learning:spec:16679#1-2"/>
      <specializationOf idref="urn:thl:learning:spec:16679"/>
    </modulSpecialization>
    <learningEvent id="urn:thl:learning:spec:16679#1-1">
      <type uri="http://data.europa.eu/europass/learningOpportunityType/class"/>
      <title lang="de">Human Resources Management</title>
      <learningActivitySpecification idref="urn:thl:learningactivity:spec:16679#1-1"/>
    </learningEvent>
    <learningEvent id="urn:thl:learning:spec:16679#1-2">
      <type uri="http://data.europa.eu/europass/learningOpportunityType/class"/>
      <title lang="de">Wirtschaftspsychologie</title>
      <learningActivitySpecification idref="urn:thl:learningactivity:spec:16679#1-2"/>
    </learningEvent>
    <modul id="urn:thl:learning:spec:16679">
      <identifier>16679</identifier>
      <type uri="http://data.europa.eu/europass/learningOpportunityType/programModule"/>
      <title lang="de">Modul 16679</title>
    </modul>
    <modulSpecialization id="urn:thl:learning:spec:16696#1">
      <identifier>16696#1</identifier>
      <type uri="http://data.europa.eu/europass/learningOpportunityType/course"/>
      <title lang="de">Information Management</title>
      <definition>
        <text content-type="text/plain" lang="de">- Nutzung von SQL-Befehlen zur Extraktion relevanter Daten
	- Import von Daten in R
	- Analyse von Daten in R
	- Aufbereitung von Ergebnissen in Tabellenform
	- Aufbereitung von Ergebnissen in Diagrammform
	- Automatisierte Übernahme von Ergebnissen in einen wissenschaftlichen Text mit Hilfe von LaTeX.</text>
      </definition>
      <additionalNote>
        <text content-type="text/plain" lang="de">Literaturangaben: Laudon, Laudon, Schoder: Wirtschaftsinformatik, Pearson
Abts, Mülder: Grundkurs Wirtschaftsinformatik, Vieweg
Wickham, R for Data Science: Import, Tidy, Transform, Visualize, and Model Data, https://www.tidyverse.org
Aktuelle Links zu weiteren Quellen jeweils im Moodlesystem
</text>
      </additionalNote>
      <additionalNote>
        <text content-type="text/plain" lang="de">Anmeldeformalitäten: Die Studierenden haben keine besonderen Anmeldeformalitäten zu beachten.</text>
      </additionalNote>
      <additionalNote>
        <text content-type="text/plain" lang="de">Gültigkeit: Seit 14.11.2020</text>
      </additionalNote>
      <supplementaryDoc uri="https://pim.moses.tu-berlin.de/moses/modultransfersystem/bolognamodule/beschreibung/anzeigen.html?number=16696&amp;amp;version=1">
        <subject uri="http://data.europa.eu/esco/qualification-topics#entry-requirements"/>
      </supplementaryDoc>
      <volumeOfLearning>P0Y0M0DT150H0M0S</volumeOfLearning>
      <hasECTSCreditPoints schemeID="http://data.europa.eu/europass/educationalCreditPointSystem/ects">5</hasECTSCreditPoints>
      <language uri="http://publications.europa.eu/resource/authority/language/DEU"/>
      <mode uri="http://data.europa.eu/europass/modeOfLearningAndAssessment/blended"/>
      <duration>P0Y6M0DT0H0M0S</duration>
      <targetGroup uri="http://data.europa.eu/europass/targetGroup/adults"/>
      <entryRequirementsNote>
        <text content-type="text/html" lang="de">&amp;lt;![CDATA[Wünschenswerte Voraussetzungen für die Teilnahme an den Lehrveranstaltungen: null;&amp;lt;br/&amp;gt;Verpflichtende Voraussetzungen für die Modulprüfungsanmeldung: Keine Angabe]]&amp;gt;</text>
      </entryRequirementsNote>
      <learningOutcomes>
        <learningOutcome idref="urn:thl:learningoutcome:16696#1"/>
      </learningOutcomes>
      <assessmentSpecification idref="urn:thl:assessment:spec:16696#1"/>
      <awardingOpportunities>
        <awardingOpportunity>
          <organization idref="urn:epass:thl:organization:927"/>
          <location uri="http://publications.europa.eu/resource/authority/country/DEU"/>
          <startedAtTime>2018-03-31T23:59:59.000Z</startedAtTime>
        </awardingOpportunity>
      </awardingOpportunities>
      <hasPart idref="urn:thl:learning:spec:16696#1-1"/>
      <specializationOf idref="urn:thl:learning:spec:16696"/>
    </modulSpecialization>
    <learningEvent id="urn:thl:learning:spec:16696#1-1">
      <type uri="http://data.europa.eu/europass/learningOpportunityType/class"/>
      <title lang="de">Information Management</title>
      <learningActivitySpecification idref="urn:thl:learningactivity:spec:16696#1-1"/>
    </learningEvent>
    <modul id="urn:thl:learning:spec:16696">
      <identifier>16696</identifier>
      <type uri="http://data.europa.eu/europass/learningOpportunityType/programModule"/>
      <title lang="de">Modul 16696</title>
    </modul>
    <modulSpecialization id="urn:thl:learning:spec:16713#1">
      <identifier>16713#1</identifier>
      <type uri="http://data.europa.eu/europass/learningOpportunityType/course"/>
      <title lang="de">Nachhaltigkeitsmanagement</title>
      <definition>
        <text content-type="text/plain" lang="de">- Grundlagen der Nachhaltigkeit
	- Nachhaltige Unternehmensführung und Strategie
	- Nachhaltigkeitscontrolling
	- Nachhaltige Produktion
	- Nachhaltiges Innovationsmanagement
	- Nachhaltiges Personalmanagement und gesellschaftliche Verantwortung</text>
      </definition>
      <additionalNote>
        <text content-type="text/plain" lang="de">Literaturangaben: Braungart, M.; McDonough, W.: Intelligente Verschwendung, oekom, aktuelle Auflage.
Colsman, B.: Nachhaltigkeitscontrolling: Strategien, Ziele, Umsetzung, Springer Gabler, aktuelle Auflage.
Engelfried, J.: Nachhaltiges Umweltmanagement, Oldenbourg, aktuelle Auflage.
Pufé, I.: Nachhaltigkeitsmanagement, Carl Hanser, aktueller Auflage.
Remschel, T.: Nachhaltiges Personalmanagement, Grin, aktuelle Auflage.
</text>
      </additionalNote>
      <additionalNote>
        <text content-type="text/plain" lang="de">Anmeldeformalitäten: Die Studierenden haben keine besonderen Anmeldeformalitäten zu beachten.</text>
      </additionalNote>
      <additionalNote>
        <text content-type="text/plain" lang="de">Gültigkeit: Seit 14.11.2020</text>
      </additionalNote>
      <supplementaryDoc uri="https://pim.moses.tu-berlin.de/moses/modultransfersystem/bolognamodule/beschreibung/anzeigen.html?number=16713&amp;amp;version=1">
        <subject uri="http://data.europa.eu/esco/qualification-topics#entry-requirements"/>
      </supplementaryDoc>
      <volumeOfLearning>P0Y0M0DT150H0M0S</volumeOfLearning>
      <hasECTSCreditPoints schemeID="http://data.europa.eu/europass/educationalCreditPointSystem/ects">5</hasECTSCreditPoints>
      <language uri="http://publications.europa.eu/resource/authority/language/DEU"/>
      <mode uri="http://data.europa.eu/europass/modeOfLearningAndAssessment/blended"/>
      <duration>P0Y6M0DT0H0M0S</duration>
      <targetGroup uri="http://data.europa.eu/europass/targetGroup/adults"/>
      <entryRequirementsNote>
        <text content-type="text/html" lang="de">&amp;lt;![CDATA[Wünschenswerte Voraussetzungen für die Teilnahme an den Lehrveranstaltungen: null;&amp;lt;br/&amp;gt;Verpflichtende Voraussetzungen für die Modulprüfungsanmeldung: Keine Angabe]]&amp;gt;</text>
      </entryRequirementsNote>
      <learningOutcomes>
        <learningOutcome idref="urn:thl:learningoutcome:16713#1"/>
      </learningOutcomes>
      <assessmentSpecification idref="urn:thl:assessment:spec:16713#1"/>
      <awardingOpportunities>
        <awardingOpportunity>
          <organization idref="urn:epass:thl:organization:927"/>
          <location uri="http://publications.europa.eu/resource/authority/country/DEU"/>
          <startedAtTime>2018-03-31T23:59:59.000Z</startedAtTime>
        </awardingOpportunity>
      </awardingOpportunities>
      <hasPart idref="urn:thl:learning:spec:16713#1-1"/>
      <specializationOf idref="urn:thl:learning:spec:16713"/>
    </modulSpecialization>
    <learningEvent id="urn:thl:learning:spec:16713#1-1">
      <type uri="http://data.europa.eu/europass/learningOpportunityType/class"/>
      <title lang="de">Nachhaltigkeitsmanagement</title>
      <learningActivitySpecification idref="urn:thl:learningactivity:spec:16713#1-1"/>
    </learningEvent>
    <modul id="urn:thl:learning:spec:16713">
      <identifier>16713</identifier>
      <type uri="http://data.europa.eu/europass/learningOpportunityType/programModule"/>
      <title lang="de">Modul 16713</title>
    </modul>
    <modulSpecialization id="urn:thl:learning:spec:16730#1">
      <identifier>16730#1</identifier>
      <type uri="http://data.europa.eu/europass/learningOpportunityType/course"/>
      <title lang="de">Public Services</title>
      <definition>
        <text content-type="text/plain" lang="de">1 Introduction to Public Services
2 Public Expenditures
3 Public Revenues
	- Public Goods
	- Externalities
	- Political Economy
	- Cost-Benefit Analysis
	- Health Care
	- Social Security
	- Principles of Taxation
	- Theories of Taxation
	- Taxation and Efficiency
	- Efficient and Equitable Taxation
	- Personal Income Taxes
	- Corporate Taxes
	- Deficit Finance</text>
      </definition>
      <additionalNote>
        <text content-type="text/plain" lang="de">Literaturangaben: Blankart, C. B. (2017), Öffentliche Finanzen in der Demokratie, 9th ed., Vahlen, Munich.
Brümmerhoff, D. and T. Büttner (2014), Finanzwissenschaft, 11th ed., De Gruyter Oldenbourg, Berlin.
Gruber, J. (2015), Public Finance and Public Policy, 5th ed., Worth, New York.
Hindriks, J. and G. D. Myles (2013), Intermediate Public Economics, 2nd ed., The MIT Press, Cambridge, MA.
Myles, Gareth D. (2008), Public Economics, Cambridge University Press, Cambridge.
Rainey, Hal G. (2014), Understanding and Managing Public Organizations, 5th ed., John Wiley &amp; Sons, New York.
Rosen, H. S. and T. Gayer (2014), Public Finance, 11th ed., McGraw-Hill, New York.
Varian, Hal R. (2014), Intermediate Microeconomics, 9th ed., W. W. Norton &amp; Company, New York.
Wigger, B. U. (2005), Grundzüge der Finanzwissenschaft, 2nd ed., Springer, Berlin.
Zimmermann, H., Henke, K.-D. and M. Broer (2017), Finanzwissenschaft, 12th ed., Vahlen, Munich.
</text>
      </additionalNote>
      <additionalNote>
        <text content-type="text/plain" lang="de">Anmeldeformalitäten: Die Studierenden haben keine besonderen Anmeldeformalitäten zu beachten.</text>
      </additionalNote>
      <additionalNote>
        <text content-type="text/plain" lang="de">Gültigkeit: Seit 14.11.2020</text>
      </additionalNote>
      <supplementaryDoc uri="https://pim.moses.tu-berlin.de/moses/modultransfersystem/bolognamodule/beschreibung/anzeigen.html?number=16730&amp;amp;version=1">
        <subject uri="http://data.europa.eu/esco/qualification-topics#entry-requirements"/>
      </supplementaryDoc>
      <volumeOfLearning>P0Y0M0DT150H0M0S</volumeOfLearning>
      <hasECTSCreditPoints schemeID="http://data.europa.eu/europass/educationalCreditPointSystem/ects">5</hasECTSCreditPoints>
      <language uri="http://publications.europa.eu/resource/authority/language/ENG"/>
      <mode uri="http://data.europa.eu/europass/modeOfLearningAndAssessment/blended"/>
      <duration>P0Y6M0DT0H0M0S</duration>
      <targetGroup uri="http://data.europa.eu/europass/targetGroup/adults"/>
      <entryRequirementsNote>
        <text content-type="text/html" lang="de">&amp;lt;![CDATA[Wünschenswerte Voraussetzungen für die Teilnahme an den Lehrveranstaltungen: null;&amp;lt;br/&amp;gt;Verpflichtende Voraussetzungen für die Modulprüfungsanmeldung: Keine Angabe]]&amp;gt;</text>
      </entryRequirementsNote>
      <learningOutcomes>
        <learningOutcome idref="urn:thl:learningoutcome:16730#1"/>
      </learningOutcomes>
      <assessmentSpecification idref="urn:thl:assessment:spec:16730#1"/>
      <awardingOpportunities>
        <awardingOpportunity>
          <organization idref="urn:epass:thl:organization:927"/>
          <location uri="http://publications.europa.eu/resource/authority/country/DEU"/>
          <startedAtTime>2018-03-31T23:59:59.000Z</startedAtTime>
        </awardingOpportunity>
      </awardingOpportunities>
      <hasPart idref="urn:thl:learning:spec:16730#1-1"/>
      <specializationOf idref="urn:thl:learning:spec:16730"/>
    </modulSpecialization>
    <learningEvent id="urn:thl:learning:spec:16730#1-1">
      <type uri="http://data.europa.eu/europass/learningOpportunityType/class"/>
      <title lang="de">Public Services</title>
      <learningActivitySpecification idref="urn:thl:learningactivity:spec:16730#1-1"/>
    </learningEvent>
    <modul id="urn:thl:learning:spec:16730">
      <identifier>16730</identifier>
      <type uri="http://data.europa.eu/europass/learningOpportunityType/programModule"/>
      <title lang="de">Modul 16730</title>
    </modul>
    <modulSpecialization id="urn:thl:learning:spec:16747#1">
      <identifier>16747#1</identifier>
      <type uri="http://data.europa.eu/europass/learningOpportunityType/course"/>
      <title lang="de">Dienstleistungsmanagement</title>
      <definition>
        <text content-type="text/plain" lang="de">- Begriffliche Grundlagen des Dienstleistungsmanagements
	- Methoden und Theorien
	- Gegenstand und Charakteristika des Managements von Dienstleistungen im Allgemeinen und in ausgewählten Branchen
	- Informationsgrundlagen des Dienstleistungsmanagements, Dienstleistungsforschung
	- Strategisches Dienstleistungsmanagement
	- Operatives Dienstleistungsmanagement
	- Qualitätsmanagement im Dienstleistungsbereich
	- Besonderheiten des Managements bilateral personenbezogener Dienstleistungen
	- Management Internationaler Dienstleistungen
	- Dienstleistungsimplementierung, Dienstleistungscontrolling</text>
      </definition>
      <additionalNote>
        <text content-type="text/plain" lang="de">Literaturangaben: Berkowitz, Eric N.: Essentials of Heath Care Marketing, Jones and Bartlet Publishers, aktueller Auflage.
Fließ, Sabine: Dienstleistungsmanagement, Gabler, aktuelle Auflage.
Haller, Sabine: Dienstleistungsmanagement, Gabler, aktuelle Auflage.
Homburg, Christian: Marketingmanagement, Gabler, aktuelle Auflage.
Meffert, Heribert; Bruhn, Manfred: Diensleistungsmarketing, Gabler, aktuelle Auflage.
</text>
      </additionalNote>
      <additionalNote>
        <text content-type="text/plain" lang="de">Anmeldeformalitäten: Die Studierenden haben keine besonderen Anmeldeformalitäten zu beachten.</text>
      </additionalNote>
      <additionalNote>
        <text content-type="text/plain" lang="de">Gültigkeit: Seit 14.11.2020</text>
      </additionalNote>
      <supplementaryDoc uri="https://pim.moses.tu-berlin.de/moses/modultransfersystem/bolognamodule/beschreibung/anzeigen.html?number=16747&amp;amp;version=1">
        <subject uri="http://data.europa.eu/esco/qualification-topics#entry-requirements"/>
      </supplementaryDoc>
      <volumeOfLearning>P0Y0M0DT150H0M0S</volumeOfLearning>
      <hasECTSCreditPoints schemeID="http://data.europa.eu/europass/educationalCreditPointSystem/ects">5</hasECTSCreditPoints>
      <language uri="http://publications.europa.eu/resource/authority/language/DEU"/>
      <mode uri="http://data.europa.eu/europass/modeOfLearningAndAssessment/blended"/>
      <duration>P0Y6M0DT0H0M0S</duration>
      <targetGroup uri="http://data.europa.eu/europass/targetGroup/adults"/>
      <entryRequirementsNote>
        <text content-type="text/html" lang="de">&amp;lt;![CDATA[Wünschenswerte Voraussetzungen für die Teilnahme an den Lehrveranstaltungen: null;&amp;lt;br/&amp;gt;Verpflichtende Voraussetzungen für die Modulprüfungsanmeldung: Keine Angabe]]&amp;gt;</text>
      </entryRequirementsNote>
      <learningOutcomes>
        <learningOutcome idref="urn:thl:learningoutcome:16747#1"/>
      </learningOutcomes>
      <assessmentSpecification idref="urn:thl:assessment:spec:16747#1"/>
      <awardingOpportunities>
        <awardingOpportunity>
          <organization idref="urn:epass:thl:organization:927"/>
          <location uri="http://publications.europa.eu/resource/authority/country/DEU"/>
          <startedAtTime>2018-03-31T23:59:59.000Z</startedAtTime>
        </awardingOpportunity>
      </awardingOpportunities>
      <hasPart idref="urn:thl:learning:spec:16747#1-1"/>
      <specializationOf idref="urn:thl:learning:spec:16747"/>
    </modulSpecialization>
    <learningEvent id="urn:thl:learning:spec:16747#1-1">
      <type uri="http://data.europa.eu/europass/learningOpportunityType/class"/>
      <title lang="de">Dienstleistungsmanagement</title>
      <learningActivitySpecification idref="urn:thl:learningactivity:spec:16747#1-1"/>
    </learningEvent>
    <modul id="urn:thl:learning:spec:16747">
      <identifier>16747</identifier>
      <type uri="http://data.europa.eu/europass/learningOpportunityType/programModule"/>
      <title lang="de">Modul 16747</title>
    </modul>
    <modulSpecialization id="urn:thl:learning:spec:16764#1">
      <identifier>16764#1</identifier>
      <type uri="http://data.europa.eu/europass/learningOpportunityType/course"/>
      <title lang="de">e-Business Management</title>
      <definition>
        <text content-type="text/plain" lang="de">Einführung in das e-Business
E-Business Modellierung
E-business analysis and design
E-business Implementation und Management
	- Anwendungsfälle
	- Typologie der Geschäftsmodelle
	- E-business und Markt
	- Value chain und supply chain
	- Geschäftsprozesse
	- Business Process Modeling
	- Business data modeling
	- Internet Applikationen
	- Implementation
	- Kundensicht
	- Sicht des Managements
	- Sicht der IT-Entwicklung</text>
      </definition>
      <additionalNote>
        <text content-type="text/plain" lang="de">Literaturangaben: Skript e-Business Management der Fachhochschule Lübeck oncampus GmbH
Grundlegende Literatur
Kollmann, Tobias: E-Business: Grundlagen Elektronischer Geschäftsprozesse in der Net Economy, Gabler Verlag; Auflage: 4., überarb. u. erw. Aufl. 2011
Wirtz, Bernd W.: Medien- und Internetmanagement, Gabler Verlag; Auflage: 7, überarb. Aufl. 2011
</text>
      </additionalNote>
      <additionalNote>
        <text content-type="text/plain" lang="de">Anmeldeformalitäten: Die Studierenden haben keine besonderen Anmeldeformalitäten zu beachten.</text>
      </additionalNote>
      <additionalNote>
        <text content-type="text/plain" lang="de">Gültigkeit: Seit 14.11.2020</text>
      </additionalNote>
      <supplementaryDoc uri="https://pim.moses.tu-berlin.de/moses/modultransfersystem/bolognamodule/beschreibung/anzeigen.html?number=16764&amp;amp;version=1">
        <subject uri="http://data.europa.eu/esco/qualification-topics#entry-requirements"/>
      </supplementaryDoc>
      <volumeOfLearning>P0Y0M0DT150H0M0S</volumeOfLearning>
      <hasECTSCreditPoints schemeID="http://data.europa.eu/europass/educationalCreditPointSystem/ects">5</hasECTSCreditPoints>
      <language uri="http://publications.europa.eu/resource/authority/language/DEU"/>
      <mode uri="http://data.europa.eu/europass/modeOfLearningAndAssessment/blended"/>
      <duration>P0Y6M0DT0H0M0S</duration>
      <targetGroup uri="http://data.europa.eu/europass/targetGroup/adults"/>
      <entryRequirementsNote>
        <text content-type="text/html" lang="de">&amp;lt;![CDATA[Wünschenswerte Voraussetzungen für die Teilnahme an den Lehrveranstaltungen: null;&amp;lt;br/&amp;gt;Verpflichtende Voraussetzungen für die Modulprüfungsanmeldung: Keine Angabe]]&amp;gt;</text>
      </entryRequirementsNote>
      <learningOutcomes>
        <learningOutcome idref="urn:thl:learningoutcome:16764#1"/>
      </learningOutcomes>
      <assessmentSpecification idref="urn:thl:assessment:spec:16764#1"/>
      <awardingOpportunities>
        <awardingOpportunity>
          <organization idref="urn:epass:thl:organization:927"/>
          <location uri="http://publications.europa.eu/resource/authority/country/DEU"/>
          <startedAtTime>2018-03-31T23:59:59.000Z</startedAtTime>
        </awardingOpportunity>
      </awardingOpportunities>
      <hasPart idref="urn:thl:learning:spec:16764#1-1"/>
      <specializationOf idref="urn:thl:learning:spec:16764"/>
    </modulSpecialization>
    <learningEvent id="urn:thl:learning:spec:16764#1-1">
      <type uri="http://data.europa.eu/europass/learningOpportunityType/class"/>
      <title lang="de">e-Business Management</title>
      <learningActivitySpecification idref="urn:thl:learningactivity:spec:16764#1-1"/>
    </learningEvent>
    <modul id="urn:thl:learning:spec:16764">
      <identifier>16764</identifier>
      <type uri="http://data.europa.eu/europass/learningOpportunityType/programModule"/>
      <title lang="de">Modul 16764</title>
    </modul>
    <modulSpecialization id="urn:thl:learning:spec:16781#1">
      <identifier>16781#1</identifier>
      <type uri="http://data.europa.eu/europass/learningOpportunityType/course"/>
      <title lang="de">Methoden der Markt- und Branchenanalysen</title>
      <definition>
        <text content-type="text/plain" lang="de">- Qualitative und quantitative Analysemethoden zur Beurteilung der Wettbewerbssituation in einer Branche (Regressions-, Zeitreihen-, Faktoren-, Cluster-, Varianzanalyse)
	- Wettbewerbsstrategien im Rahmen der Gewinnmaximierung</text>
      </definition>
      <additionalNote>
        <text content-type="text/plain" lang="de">Literaturangaben: Backhaus et. al., Multivariate Analysemethoden, SpringerGabler, aktuelle Auflage;
Michael E. Porter, Competitive Strategy, Free Press, aktuelle Auflage.
</text>
      </additionalNote>
      <additionalNote>
        <text content-type="text/plain" lang="de">Anmeldeformalitäten: Die Studierenden haben keine besonderen Anmeldeformalitäten zu beachten.</text>
      </additionalNote>
      <additionalNote>
        <text content-type="text/plain" lang="de">Gültigkeit: Seit 14.11.2020</text>
      </additionalNote>
      <supplementaryDoc uri="https://pim.moses.tu-berlin.de/moses/modultransfersystem/bolognamodule/beschreibung/anzeigen.html?number=16781&amp;amp;version=1">
        <subject uri="http://data.europa.eu/esco/qualification-topics#entry-requirements"/>
      </supplementaryDoc>
      <volumeOfLearning>P0Y0M0DT150H0M0S</volumeOfLearning>
      <hasECTSCreditPoints schemeID="http://data.europa.eu/europass/educationalCreditPointSystem/ects">5</hasECTSCreditPoints>
      <language uri="http://publications.europa.eu/resource/authority/language/DEU"/>
      <mode uri="http://data.europa.eu/europass/modeOfLearningAndAssessment/blended"/>
      <duration>P0Y6M0DT0H0M0S</duration>
      <targetGroup uri="http://data.europa.eu/europass/targetGroup/adults"/>
      <entryRequirementsNote>
        <text content-type="text/html" lang="de">&amp;lt;![CDATA[Wünschenswerte Voraussetzungen für die Teilnahme an den Lehrveranstaltungen: null;&amp;lt;br/&amp;gt;Verpflichtende Voraussetzungen für die Modulprüfungsanmeldung: Keine Angabe]]&amp;gt;</text>
      </entryRequirementsNote>
      <learningOutcomes>
        <learningOutcome idref="urn:thl:learningoutcome:16781#1"/>
      </learningOutcomes>
      <assessmentSpecification idref="urn:thl:assessment:spec:16781#1"/>
      <awardingOpportunities>
        <awardingOpportunity>
          <organization idref="urn:epass:thl:organization:927"/>
          <location uri="http://publications.europa.eu/resource/authority/country/DEU"/>
          <startedAtTime>2018-03-31T23:59:59.000Z</startedAtTime>
        </awardingOpportunity>
      </awardingOpportunities>
      <hasPart idref="urn:thl:learning:spec:16781#1-1"/>
      <specializationOf idref="urn:thl:learning:spec:16781"/>
    </modulSpecialization>
    <learningEvent id="urn:thl:learning:spec:16781#1-1">
      <type uri="http://data.europa.eu/europass/learningOpportunityType/class"/>
      <title lang="de">Markt- und Branchenanalysen</title>
      <learningActivitySpecification idref="urn:thl:learningactivity:spec:16781#1-1"/>
    </learningEvent>
    <modul id="urn:thl:learning:spec:16781">
      <identifier>16781</identifier>
      <type uri="http://data.europa.eu/europass/learningOpportunityType/programModule"/>
      <title lang="de">Modul 16781</title>
    </modul>
    <modulSpecialization id="urn:thl:learning:spec:16798#1">
      <identifier>16798#1</identifier>
      <type uri="http://data.europa.eu/europass/learningOpportunityType/course"/>
      <title lang="de">Steuerung und Management</title>
      <definition>
        <text content-type="text/plain" lang="de">Wissen über methodische Ansätze in Führung und Beratung:
	- Konzeption von Lernprozessen und Trainings
	- Interaktive Formen der Mitarbeiterbeteiligung an Changeprozessen
	- Wissenschaftlich fundierte Beratungsansätze und -methoden
	- Trends in der Entwicklung von Teams und Führungskräften
	- Ansätze der Erlebnispädagogik
	- Simulationsmethoden und Outdoor Trainings
	- Die Rolle des Selbst in Lernprozessen, Grundlagen der Lernpsychologie
	- Konstruktivismus und konstruktivistische Didaktik
	- Grundlagen und Methoden der Großgruppenmoderation
	- Förderung innovativen Denkens
	- Personzentrierter Ansatz
	- Systemischer Ansatz
	- Kollegiale Beratung</text>
      </definition>
      <additionalNote>
        <text content-type="text/plain" lang="de">Literaturangaben: 	- Bernd Weidenmann: Handbuch Active Training. Die besten Methoden für lebendige Seminare. 2. Aufl. Beltz, Weinheim/Basel 2015
	- Bernd Weidenmann: Handbuch Kreativität. Beltz, Weinheim/Basel 2010
	- Björn Migge: Handbuch Coaching und Beratung, Beltz Weinheim 2007
	- Petra Nitschke:  Verlag Managerseminare 2011
	- Walter Simon: Gabals großer Methodenkoffer „Führung und Zusammenarbeit“, Gabal Offenbach 2009
	- Klaus Jonas, Wolfgang Stroebe. Miles Hewstone: Sozialpsychologie. 6. Aufl. Springer, Berlin/Heidelberg 2014
	- Karin Dittrich-Brauner, Eberhard Dittmann u.a.: Interaktive Großgruppen. Change-Prozesse in Organisationen gestalten. 2. Aufl. Springer, Berlin/Heidelberg 2013
</text>
      </additionalNote>
      <additionalNote>
        <text content-type="text/plain" lang="de">Anmeldeformalitäten: Die Studierenden haben keine besonderen Anmeldeformalitäten zu beachten.</text>
      </additionalNote>
      <additionalNote>
        <text content-type="text/plain" lang="de">Gültigkeit: Seit 14.11.2020</text>
      </additionalNote>
      <supplementaryDoc uri="https://pim.moses.tu-berlin.de/moses/modultransfersystem/bolognamodule/beschreibung/anzeigen.html?number=16798&amp;amp;version=1">
        <subject uri="http://data.europa.eu/esco/qualification-topics#entry-requirements"/>
      </supplementaryDoc>
      <volumeOfLearning>P0Y0M0DT150H0M0S</volumeOfLearning>
      <hasECTSCreditPoints schemeID="http://data.europa.eu/europass/educationalCreditPointSystem/ects">5</hasECTSCreditPoints>
      <language uri="http://publications.europa.eu/resource/authority/language/DEU"/>
      <mode uri="http://data.europa.eu/europass/modeOfLearningAndAssessment/blended"/>
      <duration>P0Y6M0DT0H0M0S</duration>
      <targetGroup uri="http://data.europa.eu/europass/targetGroup/adults"/>
      <entryRequirementsNote>
        <text content-type="text/html" lang="de">&amp;lt;![CDATA[Wünschenswerte Voraussetzungen für die Teilnahme an den Lehrveranstaltungen: null;&amp;lt;br/&amp;gt;Verpflichtende Voraussetzungen für die Modulprüfungsanmeldung: Keine Angabe]]&amp;gt;</text>
      </entryRequirementsNote>
      <learningOutcomes>
        <learningOutcome idref="urn:thl:learningoutcome:16798#1"/>
      </learningOutcomes>
      <assessmentSpecification idref="urn:thl:assessment:spec:16798#1"/>
      <awardingOpportunities>
        <awardingOpportunity>
          <organization idref="urn:epass:thl:organization:927"/>
          <location uri="http://publications.europa.eu/resource/authority/country/DEU"/>
          <startedAtTime>2018-03-31T23:59:59.000Z</startedAtTime>
        </awardingOpportunity>
      </awardingOpportunities>
      <hasPart idref="urn:thl:learning:spec:16798#1-1"/>
      <specializationOf idref="urn:thl:learning:spec:16798"/>
    </modulSpecialization>
    <learningEvent id="urn:thl:learning:spec:16798#1-1">
      <type uri="http://data.europa.eu/europass/learningOpportunityType/class"/>
      <title lang="de">Steuerung und Management</title>
      <learningActivitySpecification idref="urn:thl:learningactivity:spec:16798#1-1"/>
    </learningEvent>
    <modul id="urn:thl:learning:spec:16798">
      <identifier>16798</identifier>
      <type uri="http://data.europa.eu/europass/learningOpportunityType/programModule"/>
      <title lang="de">Modul 16798</title>
    </modul>
    <modulSpecialization id="urn:thl:learning:spec:16815#1">
      <identifier>16815#1</identifier>
      <type uri="http://data.europa.eu/europass/learningOpportunityType/course"/>
      <title lang="de">Wirtschaftsethik und Recht</title>
      <definition>
        <text content-type="text/plain" lang="de">Wirtschaftsethik:
	- Grundbegriffe moderner und antiker Ethik
	- Dimensionen von Gerechtigkeit und Nachhaltigkeit
	- Micro-, Meso- und Makroebene des ethischen Diskurses und Handelns
	- Wirtschaftsethik als Ordnungsethik; Almendeproblematik
	- Wirtschaftskriminalität und organisiertes Verbrechen
	- Aspekte von Führungsethik

Recht:
	- Internetkriminalität
	- Deutscher Corporate Governance Kodex
	- Global Governance und Compliance
	- Arbeitsrecht. ILO,
	- UN Global Compact, OECD
	- Corporate Social Responsibility
	- Wettbewerbsrecht, Vergaberecht-
	- Sanktionen, Handelsverbote, Embargo, Ein- und Ausfuhrkontrolle
	- Umweltschutz
	- Fallbeispiele</text>
      </definition>
      <additionalNote>
        <text content-type="text/plain" lang="de">Literaturangaben: 	- Homan, K./Lütge, Ch. (Hrsg.) (2013) Einführung in die Wirtschaftsethik, 3. überarb. Auflg, Münster: Lit-Verl.
	- Dietzfelbinger, D.: Praxisleitfaden Unternehmensethik: Kennzahlen, Instrumente, Handlungsempfehlungen, 2. Aufl. Wiesbadden: Springer Gabler 2015
	- Maak, T. / Ulrich, P.: Integre Unternehmensführung. Ethisches Orientierungswissen für die Wirtschaftspraxis, 2007
	- Dietzfelbinger, D.: Aller Anfang ist leicht. Unternehmens- und Wirtschaftsethik für die Praxis. 2004
	- Grüninger, S. / Fürst, M. u.a. (Hrsg.): Verantwortung in der globalen Ökonomie gestalten. Governanceethik und Wertemanagement. 2011
	- Kuhn, Thomas; Weibler, Jürgen: Führungsethik in Organisationen, 2012
</text>
      </additionalNote>
      <additionalNote>
        <text content-type="text/plain" lang="de">Anmeldeformalitäten: Die Studierenden haben keine besonderen Anmeldeformalitäten zu beachten.</text>
      </additionalNote>
      <additionalNote>
        <text content-type="text/plain" lang="de">Gültigkeit: Seit 14.11.2020</text>
      </additionalNote>
      <supplementaryDoc uri="https://pim.moses.tu-berlin.de/moses/modultransfersystem/bolognamodule/beschreibung/anzeigen.html?number=16815&amp;amp;version=1">
        <subject uri="http://data.europa.eu/esco/qualification-topics#entry-requirements"/>
      </supplementaryDoc>
      <volumeOfLearning>P0Y0M0DT150H0M0S</volumeOfLearning>
      <hasECTSCreditPoints schemeID="http://data.europa.eu/europass/educationalCreditPointSystem/ects">5</hasECTSCreditPoints>
      <language uri="http://publications.europa.eu/resource/authority/language/DEU"/>
      <mode uri="http://data.europa.eu/europass/modeOfLearningAndAssessment/blended"/>
      <duration>P0Y6M0DT0H0M0S</duration>
      <targetGroup uri="http://data.europa.eu/europass/targetGroup/adults"/>
      <entryRequirementsNote>
        <text content-type="text/html" lang="de">&amp;lt;![CDATA[Wünschenswerte Voraussetzungen für die Teilnahme an den Lehrveranstaltungen: null;&amp;lt;br/&amp;gt;Verpflichtende Voraussetzungen für die Modulprüfungsanmeldung: Keine Angabe]]&amp;gt;</text>
      </entryRequirementsNote>
      <learningOutcomes>
        <learningOutcome idref="urn:thl:learningoutcome:16815#1"/>
      </learningOutcomes>
      <assessmentSpecification idref="urn:thl:assessment:spec:16815#1"/>
      <awardingOpportunities>
        <awardingOpportunity>
          <organization idref="urn:epass:thl:organization:927"/>
          <location uri="http://publications.europa.eu/resource/authority/country/DEU"/>
          <startedAtTime>2018-03-31T23:59:59.000Z</startedAtTime>
        </awardingOpportunity>
      </awardingOpportunities>
      <hasPart idref="urn:thl:learning:spec:16815#1-1"/>
      <hasPart idref="urn:thl:learning:spec:16815#1-2"/>
      <specializationOf idref="urn:thl:learning:spec:16815"/>
    </modulSpecialization>
    <learningEvent id="urn:thl:learning:spec:16815#1-1">
      <type uri="http://data.europa.eu/europass/learningOpportunityType/class"/>
      <title lang="de">Wirtschaftsethik</title>
      <learningActivitySpecification idref="urn:thl:learningactivity:spec:16815#1-1"/>
    </learningEvent>
    <learningEvent id="urn:thl:learning:spec:16815#1-2">
      <type uri="http://data.europa.eu/europass/learningOpportunityType/class"/>
      <title lang="de">Recht</title>
      <learningActivitySpecification idref="urn:thl:learningactivity:spec:16815#1-2"/>
    </learningEvent>
    <modul id="urn:thl:learning:spec:16815">
      <identifier>16815</identifier>
      <type uri="http://data.europa.eu/europass/learningOpportunityType/programModule"/>
      <title lang="de">Modul 16815</title>
    </modul>
  </learningSpecificationReferences>
  <learningActivitySpecificationReferences>
    <learningActivitySpecification id="urn:thl:learningactivity:spec:16543#1-1">
      <title lang="de">Seminar Empirische Forschungsmethoden</title>
      <type uri="http://data.europa.eu/europass/learningActivityType/classroom"/>
    </learningActivitySpecification>
    <learningActivitySpecification id="urn:thl:learningactivity:spec:16543#1-2">
      <title lang="de">Behavioural Economics</title>
      <type uri="http://data.europa.eu/europass/learningActivityType/classroom"/>
    </learningActivitySpecification>
    <learningActivitySpecification id="urn:thl:learningactivity:spec:16560#1-1">
      <title lang="de">Contemporary Issues of Euro area Monetary Policy</title>
      <type uri="http://data.europa.eu/europass/learningActivityType/classroom"/>
    </learningActivitySpecification>
    <learningActivitySpecification id="urn:thl:learningactivity:spec:16577#1-1">
      <title lang="de">Märkte und Marktstrategien</title>
      <type uri="http://data.europa.eu/europass/learningActivityType/classroom"/>
    </learningActivitySpecification>
    <learningActivitySpecification id="urn:thl:learningactivity:spec:16594#1-1">
      <title lang="de">Operations Management</title>
      <type uri="http://data.europa.eu/europass/learningActivityType/classroom"/>
    </learningActivitySpecification>
    <learningActivitySpecification id="urn:thl:learningactivity:spec:16611#1-1">
      <title lang="de">Strategisches Controlling</title>
      <type uri="http://data.europa.eu/europass/learningActivityType/classroom"/>
    </learningActivitySpecification>
    <learningActivitySpecification id="urn:thl:learningactivity:spec:16628#1-1">
      <title lang="de">Unternehmensplanung</title>
      <type uri="http://data.europa.eu/europass/learningActivityType/classroom"/>
    </learningActivitySpecification>
    <learningActivitySpecification id="urn:thl:learningactivity:spec:16645#1-1">
      <title lang="de">Fallstudien zu Controlling, Finanzierung, Marketing</title>
      <type uri="http://data.europa.eu/europass/learningActivityType/workShop"/>
    </learningActivitySpecification>
    <learningActivitySpecification id="urn:thl:learningactivity:spec:16662#1-1">
      <title lang="de">Forschungsprojekte</title>
      <type uri="http://data.europa.eu/europass/learningActivityType/workShop"/>
    </learningActivitySpecification>
    <learningActivitySpecification id="urn:thl:learningactivity:spec:16679#1-1">
      <title lang="de">Human Resources Management</title>
      <type uri="http://data.europa.eu/europass/learningActivityType/classroom"/>
    </learningActivitySpecification>
    <learningActivitySpecification id="urn:thl:learningactivity:spec:16679#1-2">
      <title lang="de">Wirtschaftspsychologie</title>
      <type uri="http://data.europa.eu/europass/learningActivityType/classroom"/>
    </learningActivitySpecification>
    <learningActivitySpecification id="urn:thl:learningactivity:spec:16696#1-1">
      <title lang="de">Information Management</title>
      <type uri="http://data.europa.eu/europass/learningActivityType/classroom"/>
    </learningActivitySpecification>
    <learningActivitySpecification id="urn:thl:learningactivity:spec:16713#1-1">
      <title lang="de">Nachhaltigkeitsmanagement</title>
      <type uri="http://data.europa.eu/europass/learningActivityType/classroom"/>
    </learningActivitySpecification>
    <learningActivitySpecification id="urn:thl:learningactivity:spec:16730#1-1">
      <title lang="de">Public Services</title>
      <type uri="http://data.europa.eu/europass/learningActivityType/classroom"/>
    </learningActivitySpecification>
    <learningActivitySpecification id="urn:thl:learningactivity:spec:16747#1-1">
      <title lang="de">Dienstleistungsmanagement</title>
      <type uri="http://data.europa.eu/europass/learningActivityType/classroom"/>
    </learningActivitySpecification>
    <learningActivitySpecification id="urn:thl:learningactivity:spec:16764#1-1">
      <title lang="de">e-Business Management</title>
      <type uri="http://data.europa.eu/europass/learningActivityType/classroom"/>
    </learningActivitySpecification>
    <learningActivitySpecification id="urn:thl:learningactivity:spec:16781#1-1">
      <title lang="de">Markt- und Branchenanalysen</title>
      <type uri="http://data.europa.eu/europass/learningActivityType/classroom"/>
    </learningActivitySpecification>
    <learningActivitySpecification id="urn:thl:learningactivity:spec:16798#1-1">
      <title lang="de">Steuerung und Management</title>
      <type uri="http://data.europa.eu/europass/learningActivityType/workShop"/>
    </learningActivitySpecification>
    <learningActivitySpecification id="urn:thl:learningactivity:spec:16815#1-1">
      <title lang="de">Wirtschaftsethik</title>
      <type uri="http://data.europa.eu/europass/learningActivityType/workShop"/>
    </learningActivitySpecification>
    <learningActivitySpecification id="urn:thl:learningactivity:spec:16815#1-2">
      <title lang="de">Recht</title>
      <type uri="http://data.europa.eu/europass/learningActivityType/workShop"/>
    </learningActivitySpecification>
  </learningActivitySpecificationReferences>
  <assessmentSpecificationReferences>
    <assessmentSpecification id="urn:thl:assessment:spec:16543#1">
      <title lang="de">Analyse und Konzepte ökonomischen Denkens</title>
      <type uri="http://data.europa.eu/europass/assessmentType/continuousEvaluation"/>
      <language uri="http://publications.europa.eu/resource/authority/language/ENG"/>
      <proves idref="urn:thl:learningoutcome:16543#1"/>
      <hasPart idref="urn:thl:assessment:spec:16543#1.1"/>
      <hasPart idref="urn:thl:assessment:spec:16543#1.2"/>
    </assessmentSpecification>
    <assessmentSpecification id="urn:thl:assessment:spec:16543#1.1">
      <title lang="de">Seminar Empirische Forschungsmethoden</title>
      <type uri="http://data.europa.eu/europass/assessmentType/continuousEvaluation"/>
    </assessmentSpecification>
    <assessmentSpecification id="urn:thl:assessment:spec:16543#1.2">
      <title lang="de">Behavioural Economics</title>
      <type uri="http://data.europa.eu/europass/assessmentType/writtenExamen"/>
    </assessmentSpecification>
    <assessmentSpecification id="urn:thl:assessment:spec:16560#1">
      <title lang="de">Contemporary Issues of Euro area Monetary Policy</title>
      <type uri="http://data.europa.eu/europass/assessmentType/writtenExamen"/>
      <language uri="http://publications.europa.eu/resource/authority/language/ENG"/>
      <proves idref="urn:thl:learningoutcome:16560#1"/>
    </assessmentSpecification>
    <assessmentSpecification id="urn:thl:assessment:spec:16577#1">
      <title lang="de">Märkte und Marktstrategien</title>
      <type uri="http://data.europa.eu/europass/assessmentType/writtenExamen"/>
      <language uri="http://publications.europa.eu/resource/authority/language/DEU"/>
      <proves idref="urn:thl:learningoutcome:16577#1"/>
    </assessmentSpecification>
    <assessmentSpecification id="urn:thl:assessment:spec:16594#1">
      <title lang="de">Operations Management</title>
      <type uri="http://data.europa.eu/europass/assessmentType/writtenExamen"/>
      <language uri="http://publications.europa.eu/resource/authority/language/DEU"/>
      <proves idref="urn:thl:learningoutcome:16594#1"/>
    </assessmentSpecification>
    <assessmentSpecification id="urn:thl:assessment:spec:16611#1">
      <title lang="de">Strategisches Controlling</title>
      <type uri="http://data.europa.eu/europass/assessmentType/writtenExamen"/>
      <language uri="http://publications.europa.eu/resource/authority/language/DEU"/>
      <proves idref="urn:thl:learningoutcome:16611#1"/>
    </assessmentSpecification>
    <assessmentSpecification id="urn:thl:assessment:spec:16628#1">
      <title lang="de">Unternehmensplanung</title>
      <type uri="http://data.europa.eu/europass/assessmentType/writtenExamen"/>
      <language uri="http://publications.europa.eu/resource/authority/language/DEU"/>
      <proves idref="urn:thl:learningoutcome:16628#1"/>
    </assessmentSpecification>
    <assessmentSpecification id="urn:thl:assessment:spec:16645#1">
      <title lang="de">Fallstudien zu Controlling, Finanzierung, Marketing</title>
      <type uri="http://data.europa.eu/europass/assessmentType/continuousEvaluation"/>
      <language uri="http://publications.europa.eu/resource/authority/language/DEU"/>
      <proves idref="urn:thl:learningoutcome:16645#1"/>
    </assessmentSpecification>
    <assessmentSpecification id="urn:thl:assessment:spec:16662#1">
      <title lang="de">Forschungsprojekte</title>
      <type uri="http://data.europa.eu/europass/assessmentType/markedAssignment"/>
      <language uri="http://publications.europa.eu/resource/authority/language/DEU"/>
      <proves idref="urn:thl:learningoutcome:16662#1"/>
    </assessmentSpecification>
    <assessmentSpecification id="urn:thl:assessment:spec:16679#1">
      <title lang="de">Human Resources Management und Wirtschaftspsychologie</title>
      <type uri="http://data.europa.eu/europass/assessmentType/writtenExamen"/>
      <language uri="http://publications.europa.eu/resource/authority/language/ENG"/>
      <proves idref="urn:thl:learningoutcome:16679#1"/>
    </assessmentSpecification>
    <assessmentSpecification id="urn:thl:assessment:spec:16696#1">
      <title lang="de">Information Management</title>
      <type uri="http://data.europa.eu/europass/assessmentType/continuousEvaluation"/>
      <language uri="http://publications.europa.eu/resource/authority/language/DEU"/>
      <proves idref="urn:thl:learningoutcome:16696#1"/>
    </assessmentSpecification>
    <assessmentSpecification id="urn:thl:assessment:spec:16713#1">
      <title lang="de">Nachhaltigkeitsmanagement</title>
      <type uri="http://data.europa.eu/europass/assessmentType/writtenExamen"/>
      <language uri="http://publications.europa.eu/resource/authority/language/DEU"/>
      <proves idref="urn:thl:learningoutcome:16713#1"/>
    </assessmentSpecification>
    <assessmentSpecification id="urn:thl:assessment:spec:16730#1">
      <title lang="de">Public Services</title>
      <type uri="http://data.europa.eu/europass/assessmentType/writtenExamen"/>
      <language uri="http://publications.europa.eu/resource/authority/language/ENG"/>
      <proves idref="urn:thl:learningoutcome:16730#1"/>
    </assessmentSpecification>
    <assessmentSpecification id="urn:thl:assessment:spec:16747#1">
      <title lang="de">Dienstleistungsmanagement</title>
      <type uri="http://data.europa.eu/europass/assessmentType/writtenExamen"/>
      <language uri="http://publications.europa.eu/resource/authority/language/DEU"/>
      <proves idref="urn:thl:learningoutcome:16747#1"/>
    </assessmentSpecification>
    <assessmentSpecification id="urn:thl:assessment:spec:16764#1">
      <title lang="de">e-Business Management</title>
      <type uri="http://data.europa.eu/europass/assessmentType/writtenExamen"/>
      <language uri="http://publications.europa.eu/resource/authority/language/DEU"/>
      <proves idref="urn:thl:learningoutcome:16764#1"/>
    </assessmentSpecification>
    <assessmentSpecification id="urn:thl:assessment:spec:16781#1">
      <title lang="de">Methoden der Markt- und Branchenanalysen</title>
      <type uri="http://data.europa.eu/europass/assessmentType/writtenExamen"/>
      <language uri="http://publications.europa.eu/resource/authority/language/DEU"/>
      <proves idref="urn:thl:learningoutcome:16781#1"/>
    </assessmentSpecification>
    <assessmentSpecification id="urn:thl:assessment:spec:16798#1">
      <title lang="de">Steuerung und Management</title>
      <type uri="http://data.europa.eu/europass/assessmentType/continuousEvaluation"/>
      <language uri="http://publications.europa.eu/resource/authority/language/DEU"/>
      <proves idref="urn:thl:learningoutcome:16798#1"/>
    </assessmentSpecification>
    <assessmentSpecification id="urn:thl:assessment:spec:16815#1">
      <title lang="de">Wirtschaftsethik und Recht</title>
      <type uri="http://data.europa.eu/europass/assessmentType/writtenExamen"/>
      <language uri="http://publications.europa.eu/resource/authority/language/DEU"/>
      <proves idref="urn:thl:learningoutcome:16815#1"/>
    </assessmentSpecification>
  </assessmentSpecificationReferences>
  <entitlementSpecificationReferences/>
  <learningOpportunityReferences/>
  <agentReferences>
    <organization id="urn:epass:thl:organization:927">
      <registration spatialID="http://publications.europa.eu/resource/authority/country/DEU">DUMMY-REGISTRATION</registration>
      <type uri="http://data.europa.eu/esco/agent-type#academic-institution"/>
      <prefLabel lang="de">Technische Hochschule Lübeck</prefLabel>
      <hasLocation>
        <spatialCode uri="http://publications.europa.eu/resource/authority/country/DEU"/>
      </hasLocation>
    </organization>
  </agentReferences>
  <accreditationReferences/>
  <scoringSchemeReferences/>
  <semanticFrameworkReferences/>
  <attachmentList/>
  <proof/>
</europassCredential>
