<?xml version='1.0' encoding='UTF-8'?>
<europassCredential xmlns="http://data.europa.eu/europass/model/credentials#" xmlns:eup="http://data.europa.eu/europass/model/credentials#" xmlns:ns2="http://uri.etsi.org/01903/v1.3.2#" xmlns:ns3="http://www.w3.org/2000/09/xmldsig#" xmlns:ns4="http://uri.etsi.org/01903/v1.4.1#" xmlns:ns5="http://data.europa.eu/europass/model/credentials#" xmlns:xsi="http://www.w3.org/2001/XMLSchema-instance" xsi:schemaLocation="http://data.europa.eu/europass/model/credentials# pim_edci_credential.xsd" id="urn:epass:credential:b576d4a4-c669-458b-ba17-23bd3237e177" xsdVersion="0.4.0">
  <type uri="http://data.europa.eu/europass/credentialType/learning"/>
  <issuanceDate>2021-01-21T16:01:34.979+02:00</issuanceDate>
  <issuer idref="urn:epass:thl:organization:927"/>
  <title lang="de">Wirtschaftsingenieurwesen, Master</title>
  <description>
    <text content-type="text/plain" lang="de">Dies ist der Studiengang Wirtschaftsingenieurwesen, Master aus dem Fachbereich Maschinenbau und Wirtschaft.</text>
  </description>
  <credentialSubject id="DUMMY-SUBJECT">
    <nationalId spatialID="http://publications.europa.eu/resource/authority/country/DEU">DUMMY-NATIONALID</nationalId>
    <identifier spatialID="http://publications.europa.eu/resource/authority/country/DEU">DUMMY-IDENTIFIER</identifier>
    <fullName lang="en">DUMMY SUBJECT</fullName>
    <givenNames lang="en">DUMMY</givenNames>
    <familyName lang="en">SUBJECT</familyName>
    <dateOfBirth>2000-10-20Z</dateOfBirth>
    <achievements/>
    <activities/>
    <assessments/>
    <entitlements/>
    <awardings/>
  </credentialSubject>
  <learningSpecificationReferences>
    <learningOutcome id="urn:thl:learningoutcome:20317#1">
      <prefLabel lang="de">Supply Chain Management</prefLabel>
      <description>
        <text content-type="text/plain" lang="de">After successful completion of this course, the students will be able to:
	- Take cultural aspects of the participants of a supply chain into account.
	- Prepare strategic and operational supply chain management decisions in various enterprises
	- Understand, analyze and evaluate major SCM tools and concepts
	- Apply SCM concepts in practice</text>
      </description>
    </learningOutcome>
    <learningOutcome id="urn:thl:learningoutcome:20300#1">
      <prefLabel lang="de">Entrepreneurship und Innovation</prefLabel>
      <description>
        <text content-type="text/plain" lang="de">- Die Studierenden können wissenschaftliche Grundlagen sowie spezialisiertes und vertieftes Fachwissen im Innovations- und Technologiemanagement erläutern und anwenden.
	- Die Studierenden können Arbeitsschritte bei der Lösung von Problemen auch in neuen und unvertrauten sowie fachübergreifenden Kontexten des Innovations- und Technologiemanagements planen und durchführen.
	- Die Studierenden können Ziele für die eigene Entwicklung definieren sowie eigene Stärken und Schwächen reflektieren, die eigene Entwicklung planen sowie mit Blick auf gesellschaftlichen Auswirkungen reflektieren.
	- Die Studierenden können in Gruppen kooperativ und verantwortlich arbeiten sowie das eigene Kooperationsverhalten in Gruppen kritisch reflektieren und erweitern.</text>
      </description>
    </learningOutcome>
    <learningOutcome id="urn:thl:learningoutcome:20283#1">
      <prefLabel lang="de">Entrepreneurship in der digitalen Wirtschaft</prefLabel>
      <description>
        <text content-type="text/plain" lang="de">- Die Studierenden erkennen somit die wichtigsten Fragestellungen im Rahmen eines Gründungsprozesses und verfügen anschließend über breites Wissen einschließlich der wissenschaftlichen Grundlagen und der praktischen Anwendung zur Bedeutung des Entrepreneurships im volks- und betriebswirtschaftlichen Kontext. Sie können ihr Wissen abrufen und ergänzt um eigene Beispiele, in einem geänderten Kontext wiedergeben. Die Studierenden können Merkmale und Faktoren erfolgreicher Unternehmensgründungen erschließen und Gründungsideen anhand von Kriterien und erworbenen Methoden bewerten sowie eigenständig entwickeln und visualisieren.
	- Die Themen werden außerdem mit praktischen und aktuellen Schwerpunktthemen verknüpft um so einen Anwendungsbezug darzustellen.
	- Einzelaspekte der Veranstaltung werden anhand von ausgewählten Fallstudien (in englischer Sprache) vertieft.
	- Die Studierenden können wissenschaftliche Grundlagen sowie spezialisiertes und vertieftes Fachwissen im Innovations- und Technologiemanagement erläutern und anwenden.
	- Die Studierenden können Arbeitsschritte bei der Lösung von Problemen auch in neuen und unvertrauten sowie fachübergreifenden Kontexten des Innovations- und Technologiemanagements planen und durchführen.
	- Die Studierenden können Ziele für die eigene Entwicklung definieren sowie eigene Stärken und Schwächen reflektieren, die eigene Entwicklung planen sowie mit Blick auf gesellschaftlichen Auswirkungen reflektieren.
	- Die Studierenden können in Gruppen kooperativ und verantwortlich arbeiten sowie das eigene Kooperationsverhalten in Gruppen kritisch reflektieren und erweitern.</text>
      </description>
    </learningOutcome>
    <learningOutcome id="urn:thl:learningoutcome:20266#1">
      <prefLabel lang="de">Verhandlungsführung</prefLabel>
      <description>
        <text content-type="text/plain" lang="de">Die Studierenden kennen grundlegende Kommunikations- und Verhandlungstechniken und können diese in typischen Gesprächssituationen von Führungskräften und in einer eigenen Verhandlung erfolgreich anwenden.
Sie lernen außerdem, ihre eigene Wirkung auf andere durch Auftreten, Sprache und Verhalten in Gesprächen einzuschätzen und zu steuern.</text>
      </description>
    </learningOutcome>
    <learningOutcome id="urn:thl:learningoutcome:20249#1">
      <prefLabel lang="de">Entrepreneurial Behavior</prefLabel>
      <description>
        <text content-type="text/plain" lang="de">Nach der Teilnahme an der Veranstaltung sind die Studierenden in der Lage, psychologische Eigenschaften und Prozesse von Entrepreneuren und unternehmerischen Teams zu analysieren und zu bewerten, unternehmerische Denk- und Handlungsprinzipien anzuwenden, theoretisch fundierte unternehmerische Entscheidungen zu treffen, Motivationskonzepte zu bewerten, Personal zu führen und zu entwickeln sowie den Einfluss des Entrepreneurial Spirit auf die Handlungen einzuschätzen und zu bewerten.</text>
      </description>
    </learningOutcome>
    <learningOutcome id="urn:thl:learningoutcome:20232#1">
      <prefLabel lang="de">Businessplan</prefLabel>
      <description>
        <text content-type="text/plain" lang="de">Zur Bearbeitung der einzelnen Businessplanbestandteile verfügen die Studierenden über erweitertes Wissen in angrenzenden Bereichen und erschließen darüber hinaus Informationen eigenständig über geeignete
Dokumentenrecherche, Internet und/oder empirische Erhebungen.
Die gesammelten Informationen müssen bewertet, beurteilt, verglichen und themenspezifisch als Präsentation aufbereitet
werden. Bei unvollständigen oder widersprüchlichen Informationen wägen die Studierenden diese gegeneinander ab und entwickeln Lösungsmöglichkeiten für den Umgang fehlenden oder uneinheitlichen Informationen.
Der Aufbau des Businessplanseminars bedingt, dass die Studierenden fachliche Entwicklungen anderer Kommilitonen ebenfalls gezielt fördern, bereichsspezifische und -übergreifende Diskussionen führen sowie wertschätzendes Feedback auf die Zwischenpräsentationen der anderen Seminarteilnehmer geben.</text>
      </description>
    </learningOutcome>
    <learningOutcome id="urn:thl:learningoutcome:20215#1">
      <prefLabel lang="de">Verkehrsbetriebslehre</prefLabel>
      <description>
        <text content-type="text/plain" lang="de">Die Lehrveranstaltung befähigt die Studierenden, Dienstleistungen in Verkehr und Logistik analysieren und bewerten zu können. Darüber hinaus werden Fähigkeiten für das Management von Verkehrs- und Logistikbetrieben vermittelt.</text>
      </description>
    </learningOutcome>
    <learningOutcome id="urn:thl:learningoutcome:20198#1">
      <prefLabel lang="de">Supply Chain Management</prefLabel>
      <description>
        <text content-type="text/plain" lang="de">After successful completion of this course, the students will be able to:
	- Take cultural aspects of the participants of a supply chain into account.
	- Prepare strategic and operational supply chain management decisions in various enterprises
	- Understand, analyze and evaluate major SCM tools and concepts
	- Apply SCM concepts in practice</text>
      </description>
    </learningOutcome>
    <learningOutcome id="urn:thl:learningoutcome:20181#1">
      <prefLabel lang="de">Telematik-Anwendungen</prefLabel>
      <description>
        <text content-type="text/plain" lang="de">Die Lehrveranstaltung befähigt die Studierenden, Anwendungen von Telematik zu konzipieren und zu bewerten.</text>
      </description>
    </learningOutcome>
    <learningOutcome id="urn:thl:learningoutcome:20164#1">
      <prefLabel lang="de">Strategisches Produktionscontrolling und Fallstudien</prefLabel>
      <description>
        <text content-type="text/plain" lang="de">Die Lehrveranstaltung vermittelt Grundlagen und innovative Methoden, so dass die Studierenden befähigt werden, in ihrer zukünftigen beruflichen Praxis das strategische Controlling projektorientiert in der produzierenden Industrie durchzuführen und weiterzuentwickeln. Nach Abschluss dieses Moduls sind die Studierenden in der Lage:
	- die Schwerpunkte von strategischen Controllingfunktionen in produzierenden Unternehmen zu erklären und diese für unterschiedlichste strategische Planungsprozesse eigenständig anzuwenden
	- komplexe Zusammenhänge zu erfassen, diese in den unternehmerischen Kontext zu stellen und Lösungsansätze für unterschiedlichste Fragestellungen in produzierenden Unternehmen zu entwickeln.
	- umfassende aktuelle Fallstudien durchzuführen und eigenständig Lösungen für die u.g. Inhalte zu entwickeln.</text>
      </description>
    </learningOutcome>
    <learningOutcome id="urn:thl:learningoutcome:20147#1">
      <prefLabel lang="de">Advanced Planning Systems</prefLabel>
      <description>
        <text content-type="text/plain" lang="de">Die Studierenden lernen die verschiedenen Ebenen des Supply Chain Plannings in der Theorie und in der Anwendung mit mySAP SCM kennen</text>
      </description>
    </learningOutcome>
    <learningOutcome id="urn:thl:learningoutcome:20130#1">
      <prefLabel lang="de">Simulation technischer Systeme</prefLabel>
      <description>
        <text content-type="text/plain" lang="de">Die Lehrveranstaltung vermittelt Grundlagen und aufbauende Methoden, so dass die Studierenden befähigt werden, in ihrer zukünftigen beruflichen Praxis komplexe technische Systeme zu planen und anhand der Simulation zu bewerten. Dazu zählt insbesondere die Anwendung der Simulation im Rahmen der Fabrikplanung. Nach Abschluss dieses Moduls sind die Studierenden in der Lage:
	- die vermittelte Vorgehensweise zur Planung von Investitionen insbesondere in Fabrikanlagen sowie deren Fertigungseinrichtungen der produzierenden Unternehmen eigenständig anzuwenden.
	- komplexe Zusammenhänge darzustellen und Lösungsansätze für die Layout-Gestaltung, Simulation und Optimierung von Fabriken und deren Prozesse mittels Software-Tools zu entwickeln.</text>
      </description>
    </learningOutcome>
    <learningOutcome id="urn:thl:learningoutcome:20113#1">
      <prefLabel lang="de">Organisationspsychologie und Changemanagement</prefLabel>
      <description>
        <text content-type="text/plain" lang="de">- Kenntnisse von Grundlagen, Methoden und Theorien zum erfolgreichen Gestalten von Zusammenarbeit in Organisationen
	- Fähigkeit komplexe Gruppenprozesse kommunikativ zu bewerten und zu gestalten
	- Entwicklung, Gestaltung und Bewertung von Innovations- und Veränderungsprozessen in Organisationen</text>
      </description>
    </learningOutcome>
    <learningOutcome id="urn:thl:learningoutcome:20096#1">
      <prefLabel lang="de">Operations Research</prefLabel>
      <description>
        <text content-type="text/plain" lang="de">Die Lehrveranstaltung befähigt Studierende, Fragestellungen im Bereich von Logistik und Produktion  mittels mathematischer Optimierungsverfahren zu lösen.</text>
      </description>
    </learningOutcome>
    <learningOutcome id="urn:thl:learningoutcome:20079#1">
      <prefLabel lang="de">Technische Investitionsplanung</prefLabel>
      <description>
        <text content-type="text/plain" lang="de">Die Lehrveranstaltung vermittelt Grundlagen und Methoden der Planung, so dass die Studierenden befähigt werden, in ihrer zukünftigen beruflichen Praxis technisch-fokussierte Investitionen in verschiedensten Branchen und Industrien konzipieren, dimensionieren und bewerten zu können.</text>
      </description>
    </learningOutcome>
    <learningOutcome id="urn:thl:learningoutcome:20062#1">
      <prefLabel lang="de">Produktionsmanagement und Fabrikplanung</prefLabel>
      <description>
        <text content-type="text/plain" lang="de">Die Lehrveranstaltung befähigt Studierende:
	- Strategische und operative Produktionsmanagement-Entscheidungen in einem Unternehmen vorzubereiten bzw. mitzugestalten
	- Die wesentlichen Instrumente und Konzepte des Produktionsmanagements und der Fabrikplanung zu kennen und anwenden zu können</text>
      </description>
    </learningOutcome>
    <learningOutcome id="urn:thl:learningoutcome:20045#1">
      <prefLabel lang="de">IT-Management und E-Business</prefLabel>
      <description>
        <text content-type="text/plain" lang="de">Die Lehrveranstaltung vermittelt Grundlagen und Methoden für das Verständnis von IT-Management und E-Business.
Dabei wird ein Schwerpunkt die Analyse aktueller Fälle/Beispiele sein.</text>
      </description>
    </learningOutcome>
    <studyProgramme id="urn:thl:learning:spec:studyprogramme:877377">
      <title lang="de">Wirtschaftsingenieurwesen, Master</title>
      <hasEducationLevel>
        <targetName lang="de">B. Sc.</targetName>
      </hasEducationLevel>
    </studyProgramme>
    <stupo id="urn:thl:learning:spec:stupo:877377">
      <title lang="de">Wirtschaftsingenieurwesen, Master</title>
      <specializationOf idref="urn:thl:learning:spec:studyprogramme:877377"/>
    </stupo>
    <studySection id="urn:thl:learning:spec:studysection:877377">
      <title lang="de">Wirtschaftsingenieurwesen, Master</title>
      <hasPart idref="urn:thl:learning:spec:20045#1"/>
      <hasPart idref="urn:thl:learning:spec:20062#1"/>
      <hasPart idref="urn:thl:learning:spec:20079#1"/>
      <hasPart idref="urn:thl:learning:spec:20096#1"/>
      <hasPart idref="urn:thl:learning:spec:20113#1"/>
      <hasPart idref="urn:thl:learning:spec:20130#1"/>
      <hasPart idref="urn:thl:learning:spec:20147#1"/>
      <hasPart idref="urn:thl:learning:spec:20164#1"/>
      <hasPart idref="urn:thl:learning:spec:20181#1"/>
      <hasPart idref="urn:thl:learning:spec:20198#1"/>
      <hasPart idref="urn:thl:learning:spec:20215#1"/>
      <hasPart idref="urn:thl:learning:spec:20232#1"/>
      <hasPart idref="urn:thl:learning:spec:20249#1"/>
      <hasPart idref="urn:thl:learning:spec:20266#1"/>
      <hasPart idref="urn:thl:learning:spec:20283#1"/>
      <hasPart idref="urn:thl:learning:spec:20300#1"/>
      <hasPart idref="urn:thl:learning:spec:20317#1"/>
    </studySection>
    <modulSpecialization id="urn:thl:learning:spec:20045#1">
      <identifier>20045#1</identifier>
      <type uri="http://data.europa.eu/europass/learningOpportunityType/course"/>
      <title lang="de">IT-Management und E-Business</title>
      <definition>
        <text content-type="text/plain" lang="de">- Vermittlung der Grundlagen von IT-Prozessen, IT-Governance und IT-Management
	- Vermittlung der Grundlagen von E-Business, E-Marketing, E-Commerce und E-Procurement
Studierende sollen die Fähigkeit erwerben, vorstehende Themen für einen möglichen Einsatz in ihrer späteren beruflichen Praxis beurteilen und Abhängigkeiten erkennen zu können.</text>
      </definition>
      <additionalNote>
        <text content-type="text/plain" lang="de">Literaturangaben: Literatur (in Auswahl):
	- Div. aktuelle Artikel etc.
	- Hans Robert Hansen, Gustaf Neumann: Wirtschaftsinformatik 1, Grundlagen und Anwendungen
	- Tobias Kollmann: E-Business - Grundlagen elektronischer Geschäftsprozesse in der Net Economy, Gabler
	- Kenneth C. Laudon, Jane P. Laudon, Detlef Schoder: Wirtschaftsinformatik - Eine Einführung, Pearson
	- Christian Maaß: E-Business-Management, UTB
	- Andreas Meier, Henrik Stormer: eBusiness &amp; eCommerce - Management der digitalen Wertschöpfungskette, Springer
</text>
      </additionalNote>
      <additionalNote>
        <text content-type="text/plain" lang="de">Anmeldeformalitäten: Die Studierenden haben keine besonderen Anmeldeformalitäten zu beachten.</text>
      </additionalNote>
      <additionalNote>
        <text content-type="text/plain" lang="de">Gültigkeit: Seit 14.11.2020</text>
      </additionalNote>
      <supplementaryDoc uri="https://pim.moses.tu-berlin.de/moses/modultransfersystem/bolognamodule/beschreibung/anzeigen.html?number=20045&amp;amp;version=1">
        <subject uri="http://data.europa.eu/esco/qualification-topics#entry-requirements"/>
      </supplementaryDoc>
      <volumeOfLearning>P0Y0M0DT150H0M0S</volumeOfLearning>
      <hasECTSCreditPoints schemeID="http://data.europa.eu/europass/educationalCreditPointSystem/ects">5</hasECTSCreditPoints>
      <language uri="http://publications.europa.eu/resource/authority/language/DEU"/>
      <mode uri="http://data.europa.eu/europass/modeOfLearningAndAssessment/blended"/>
      <duration>P0Y6M0DT0H0M0S</duration>
      <targetGroup uri="http://data.europa.eu/europass/targetGroup/adults"/>
      <entryRequirementsNote>
        <text content-type="text/html" lang="de">&amp;lt;![CDATA[Wünschenswerte Voraussetzungen für die Teilnahme an den Lehrveranstaltungen: null;&amp;lt;br/&amp;gt;Verpflichtende Voraussetzungen für die Modulprüfungsanmeldung: Keine Angabe]]&amp;gt;</text>
      </entryRequirementsNote>
      <learningOutcomes>
        <learningOutcome idref="urn:thl:learningoutcome:20045#1"/>
      </learningOutcomes>
      <assessmentSpecification idref="urn:thl:assessment:spec:20045#1"/>
      <awardingOpportunities>
        <awardingOpportunity>
          <organization idref="urn:epass:thl:organization:927"/>
          <location uri="http://publications.europa.eu/resource/authority/country/DEU"/>
          <startedAtTime>2018-03-31T23:59:59.000Z</startedAtTime>
        </awardingOpportunity>
      </awardingOpportunities>
      <hasPart idref="urn:thl:learning:spec:20045#1-1"/>
      <specializationOf idref="urn:thl:learning:spec:20045"/>
    </modulSpecialization>
    <learningEvent id="urn:thl:learning:spec:20045#1-1">
      <type uri="http://data.europa.eu/europass/learningOpportunityType/class"/>
      <title lang="de">IT-Management und E-Business</title>
      <learningActivitySpecification idref="urn:thl:learningactivity:spec:20045#1-1"/>
    </learningEvent>
    <modul id="urn:thl:learning:spec:20045">
      <identifier>20045</identifier>
      <type uri="http://data.europa.eu/europass/learningOpportunityType/programModule"/>
      <title lang="de">Modul 20045</title>
    </modul>
    <modulSpecialization id="urn:thl:learning:spec:20062#1">
      <identifier>20062#1</identifier>
      <type uri="http://data.europa.eu/europass/learningOpportunityType/course"/>
      <title lang="de">Produktionsmanagement und Fabrikplanung</title>
      <definition>
        <text content-type="text/plain" lang="de">- Einführung
	- Fabrikplanung
	- Produktionsmanagement
	- Fabrikplanungssystematik
	- Standort- und Layoutplanung
	- Fallstudie
	- Strategisches Produktionsmanagement
	- Operatives Produktionsmanagement
	- Fallstudie</text>
      </definition>
      <additionalNote>
        <text content-type="text/plain" lang="de">Literaturangaben: Corsten, H.; Gössinger, R.: Produktionswirtschaft. Oldenbourg: München und Wien 2016
Domschke, W.; Drexl, A.: Logistik: Standorte. München, Wien: Oldenbourg 1996
Eversheim, W.; Schuh, G. (Hrsg): Gestaltung von Produktionssystemen. Berlin u.a.: Springer 1999
Grundig, C.-G.: Fabrikplanung. München: Hanser 2016
Heizer, J.: Render; B. Operations Management. Boston et al.: Pearson: 2015
McGrath, R. G.: The End of Competitive Advantage. Boston: Harvard Business Review Press 2013
Schenk, M.; Wirth, S. (Hrsg.) Fabrikplanung und Fabrikbetrieb. Berlin u.a.: Springer 2004
Thonemann, U.: Operations Management. Pearson: München  2015
</text>
      </additionalNote>
      <additionalNote>
        <text content-type="text/plain" lang="de">Anmeldeformalitäten: Die Studierenden haben keine besonderen Anmeldeformalitäten zu beachten.</text>
      </additionalNote>
      <additionalNote>
        <text content-type="text/plain" lang="de">Gültigkeit: Seit 14.11.2020</text>
      </additionalNote>
      <supplementaryDoc uri="https://pim.moses.tu-berlin.de/moses/modultransfersystem/bolognamodule/beschreibung/anzeigen.html?number=20062&amp;amp;version=1">
        <subject uri="http://data.europa.eu/esco/qualification-topics#entry-requirements"/>
      </supplementaryDoc>
      <volumeOfLearning>P0Y0M0DT150H0M0S</volumeOfLearning>
      <hasECTSCreditPoints schemeID="http://data.europa.eu/europass/educationalCreditPointSystem/ects">5</hasECTSCreditPoints>
      <language uri="http://publications.europa.eu/resource/authority/language/DEU"/>
      <mode uri="http://data.europa.eu/europass/modeOfLearningAndAssessment/blended"/>
      <duration>P0Y6M0DT0H0M0S</duration>
      <targetGroup uri="http://data.europa.eu/europass/targetGroup/adults"/>
      <entryRequirementsNote>
        <text content-type="text/html" lang="de">&amp;lt;![CDATA[Wünschenswerte Voraussetzungen für die Teilnahme an den Lehrveranstaltungen: null;&amp;lt;br/&amp;gt;Verpflichtende Voraussetzungen für die Modulprüfungsanmeldung: Keine Angabe]]&amp;gt;</text>
      </entryRequirementsNote>
      <learningOutcomes>
        <learningOutcome idref="urn:thl:learningoutcome:20062#1"/>
      </learningOutcomes>
      <assessmentSpecification idref="urn:thl:assessment:spec:20062#1"/>
      <awardingOpportunities>
        <awardingOpportunity>
          <organization idref="urn:epass:thl:organization:927"/>
          <location uri="http://publications.europa.eu/resource/authority/country/DEU"/>
          <startedAtTime>2018-03-31T23:59:59.000Z</startedAtTime>
        </awardingOpportunity>
      </awardingOpportunities>
      <hasPart idref="urn:thl:learning:spec:20062#1-1"/>
      <specializationOf idref="urn:thl:learning:spec:20062"/>
    </modulSpecialization>
    <learningEvent id="urn:thl:learning:spec:20062#1-1">
      <type uri="http://data.europa.eu/europass/learningOpportunityType/class"/>
      <title lang="de">Produktionsmanagement und Fabrikplanung</title>
      <learningActivitySpecification idref="urn:thl:learningactivity:spec:20062#1-1"/>
    </learningEvent>
    <modul id="urn:thl:learning:spec:20062">
      <identifier>20062</identifier>
      <type uri="http://data.europa.eu/europass/learningOpportunityType/programModule"/>
      <title lang="de">Modul 20062</title>
    </modul>
    <modulSpecialization id="urn:thl:learning:spec:20079#1">
      <identifier>20079#1</identifier>
      <type uri="http://data.europa.eu/europass/learningOpportunityType/course"/>
      <title lang="de">Technische Investitionsplanung</title>
      <definition>
        <text content-type="text/plain" lang="de">- Grundlagen der Investitions- und Fabrikplanung - Allgemeine Definition, Tätigkeitsprofile, Aufbauorganisation
	- Konzeption und Auslegung technischer Anlagen
	- Eindimensionale Bewertungsverfahren - Statische und dynamische Methoden
	- Mehrdimensionale Bewertungsverfahren - Qualitative Bewertungsmethoden, Risikoanalysen, Sensitivitäten
	- Fallstudien</text>
      </definition>
      <additionalNote>
        <text content-type="text/plain" lang="de">Literaturangaben: Grundig, Claus-Gerold: Fabrikplanung: Planungssystematik - Methoden – Anwendungen; 2018
Wiendahl / Reichardt/ Nyhuis: Handbuch Fabrikplanung: Konzept, Gestaltung und Umsetzung wandlungsfähiger Produktionsstätten, 2014
Kettner / Schmidt / Greim: Leitfaden der systematischen Fabrikplanung, 1984
</text>
      </additionalNote>
      <additionalNote>
        <text content-type="text/plain" lang="de">Anmeldeformalitäten: Die Studierenden haben keine besonderen Anmeldeformalitäten zu beachten.</text>
      </additionalNote>
      <additionalNote>
        <text content-type="text/plain" lang="de">Gültigkeit: Seit 14.11.2020</text>
      </additionalNote>
      <supplementaryDoc uri="https://pim.moses.tu-berlin.de/moses/modultransfersystem/bolognamodule/beschreibung/anzeigen.html?number=20079&amp;amp;version=1">
        <subject uri="http://data.europa.eu/esco/qualification-topics#entry-requirements"/>
      </supplementaryDoc>
      <volumeOfLearning>P0Y0M0DT150H0M0S</volumeOfLearning>
      <hasECTSCreditPoints schemeID="http://data.europa.eu/europass/educationalCreditPointSystem/ects">5</hasECTSCreditPoints>
      <language uri="http://publications.europa.eu/resource/authority/language/DEU"/>
      <mode uri="http://data.europa.eu/europass/modeOfLearningAndAssessment/blended"/>
      <duration>P0Y6M0DT0H0M0S</duration>
      <targetGroup uri="http://data.europa.eu/europass/targetGroup/adults"/>
      <entryRequirementsNote>
        <text content-type="text/html" lang="de">&amp;lt;![CDATA[Wünschenswerte Voraussetzungen für die Teilnahme an den Lehrveranstaltungen: null;&amp;lt;br/&amp;gt;Verpflichtende Voraussetzungen für die Modulprüfungsanmeldung: Keine Angabe]]&amp;gt;</text>
      </entryRequirementsNote>
      <learningOutcomes>
        <learningOutcome idref="urn:thl:learningoutcome:20079#1"/>
      </learningOutcomes>
      <assessmentSpecification idref="urn:thl:assessment:spec:20079#1"/>
      <awardingOpportunities>
        <awardingOpportunity>
          <organization idref="urn:epass:thl:organization:927"/>
          <location uri="http://publications.europa.eu/resource/authority/country/DEU"/>
          <startedAtTime>2018-03-31T23:59:59.000Z</startedAtTime>
        </awardingOpportunity>
      </awardingOpportunities>
      <hasPart idref="urn:thl:learning:spec:20079#1-1"/>
      <specializationOf idref="urn:thl:learning:spec:20079"/>
    </modulSpecialization>
    <learningEvent id="urn:thl:learning:spec:20079#1-1">
      <type uri="http://data.europa.eu/europass/learningOpportunityType/class"/>
      <title lang="de">Technische Investitionsplanung</title>
      <learningActivitySpecification idref="urn:thl:learningactivity:spec:20079#1-1"/>
    </learningEvent>
    <modul id="urn:thl:learning:spec:20079">
      <identifier>20079</identifier>
      <type uri="http://data.europa.eu/europass/learningOpportunityType/programModule"/>
      <title lang="de">Modul 20079</title>
    </modul>
    <modulSpecialization id="urn:thl:learning:spec:20096#1">
      <identifier>20096#1</identifier>
      <type uri="http://data.europa.eu/europass/learningOpportunityType/course"/>
      <title lang="de">Operations Research</title>
      <definition>
        <text content-type="text/plain" lang="de">- Einführung
	- Lineare Optimierung
	- Graphen und Netzwerke
	- Heuristiken
	- Ganzzahlige Optimierung
	- Dynamische Optimierung</text>
      </definition>
      <additionalNote>
        <text content-type="text/plain" lang="de">Literaturangaben: Domschke, W.; Drexl, A.; Klein, Robert; Scholl, A.: Einführung Operations Research. Berlin, Heidelberg:Springer  2015
Domschke, W.; Drexl, A.: Logistik: Transport. München: Oldenbourg 2007
Dürr, W.; Kleibohm, K.: Operations Research. München, Wien: Hanser 1992
Gohout, W.: Operations Research. München: Oldenbourg 2009
Müller-Funk, H.: Operations Research. Konstanz: UVK  2005
Müller-Merbach, H.: Operations Research. Vahlen: München 1973
Neumann, K.; Morlock, M.: Operations Research. München, Wien: Hanser 2004
Nickel, St.; Stein, O.; Waldmann, K.-H.: Operations Research. Berlin, Heidelberg:Springer  2014
Suhl, L.; Mellouli, T.: Optimierungssysteme. Berlin, Heidelberg:Springer  2013
Thonemann, U.: Operations Management – Konzepte, Methoden, Anwendungen. Pearson:  München 2010
Werners, B.: Grundlagen des Operations Research. Berlin, Heidelberg:Springer  2013
Zimmermann, H.-J.: Operations Research. Wiesbaden: Vieweg 2008
</text>
      </additionalNote>
      <additionalNote>
        <text content-type="text/plain" lang="de">Anmeldeformalitäten: Die Studierenden haben keine besonderen Anmeldeformalitäten zu beachten.</text>
      </additionalNote>
      <additionalNote>
        <text content-type="text/plain" lang="de">Gültigkeit: Seit 14.11.2020</text>
      </additionalNote>
      <supplementaryDoc uri="https://pim.moses.tu-berlin.de/moses/modultransfersystem/bolognamodule/beschreibung/anzeigen.html?number=20096&amp;amp;version=1">
        <subject uri="http://data.europa.eu/esco/qualification-topics#entry-requirements"/>
      </supplementaryDoc>
      <volumeOfLearning>P0Y0M0DT150H0M0S</volumeOfLearning>
      <hasECTSCreditPoints schemeID="http://data.europa.eu/europass/educationalCreditPointSystem/ects">5</hasECTSCreditPoints>
      <language uri="http://publications.europa.eu/resource/authority/language/DEU"/>
      <mode uri="http://data.europa.eu/europass/modeOfLearningAndAssessment/blended"/>
      <duration>P0Y6M0DT0H0M0S</duration>
      <targetGroup uri="http://data.europa.eu/europass/targetGroup/adults"/>
      <entryRequirementsNote>
        <text content-type="text/html" lang="de">&amp;lt;![CDATA[Wünschenswerte Voraussetzungen für die Teilnahme an den Lehrveranstaltungen: null;&amp;lt;br/&amp;gt;Verpflichtende Voraussetzungen für die Modulprüfungsanmeldung: Keine Angabe]]&amp;gt;</text>
      </entryRequirementsNote>
      <learningOutcomes>
        <learningOutcome idref="urn:thl:learningoutcome:20096#1"/>
      </learningOutcomes>
      <assessmentSpecification idref="urn:thl:assessment:spec:20096#1"/>
      <awardingOpportunities>
        <awardingOpportunity>
          <organization idref="urn:epass:thl:organization:927"/>
          <location uri="http://publications.europa.eu/resource/authority/country/DEU"/>
          <startedAtTime>2018-03-31T23:59:59.000Z</startedAtTime>
        </awardingOpportunity>
      </awardingOpportunities>
      <hasPart idref="urn:thl:learning:spec:20096#1-1"/>
      <specializationOf idref="urn:thl:learning:spec:20096"/>
    </modulSpecialization>
    <learningEvent id="urn:thl:learning:spec:20096#1-1">
      <type uri="http://data.europa.eu/europass/learningOpportunityType/class"/>
      <title lang="de">Operations Research</title>
      <learningActivitySpecification idref="urn:thl:learningactivity:spec:20096#1-1"/>
    </learningEvent>
    <modul id="urn:thl:learning:spec:20096">
      <identifier>20096</identifier>
      <type uri="http://data.europa.eu/europass/learningOpportunityType/programModule"/>
      <title lang="de">Modul 20096</title>
    </modul>
    <modulSpecialization id="urn:thl:learning:spec:20113#1">
      <identifier>20113#1</identifier>
      <type uri="http://data.europa.eu/europass/learningOpportunityType/course"/>
      <title lang="de">Organisationspsychologie und Changemanagement</title>
      <definition>
        <text content-type="text/plain" lang="de">Organisationspsychologie:
	- Grundlagen der Organisationspsychologie
	- Grundlagen der Sozialpsychologie
	- Grundlagen der Persönlichkeitspsychologie
	- Grundlagen der Personalpsychologie
	- Arbeitszufriedenheit und Arbeitsmotivation
	- Coaching und Organisationsberatung
	- Gruppenverhalten, Gruppenprozesse steuern
	- Kommunikation
	- Werte und Einstellungen
	- Commitment
Personalentwicklung

Changemanagement:
	- Grundlagen des Changemanagements
	- Diversity Management
	- Innovationsmanagement
	- Organisationsentwicklung/Organisationskonzepte
	- Wissensmanagement
	- Komplexitätsmanagement
	- Psychologische Konsequenzen von Veränderungen
	- Die Selbstverständlichkeit des Wandels
	- Methoden zur Gestaltung von Veränderungsprozessen
	- Kreativitätstechniken, Wahrnehmung, Innovationszirkel etc.
	- Produktinnovationen
	- Prozessinnovationen</text>
      </definition>
      <additionalNote>
        <text content-type="text/plain" lang="de">Literaturangaben: 	- Dittrich-Brauner, Karin; Eberhard Dittmann, Volker List und Carmen Windisch: Interaktive Großgruppen. Change-Prozesse in Organisationen gestalten. 2. Aufl. Heidelberg: Springer, 2013
	- Kanning, Peter Uwe und Thomas Staufenbiel: Organisationspsychologie. Reihe: Bachelorstudium Psychologie, Bd. 11. Göttingen: Hogrefe, 2012
	- Kauffeld, Simone (Hrsg.): Arbeits-, Organisations- und Personalpsychologie. 2. Aufl. Berlin/Heidelberg: Springer, 2014
	- König, Eckard und Gerda Volmer: Handbuch Systemische Organisationsberatung. Beltz: Weinheim und Basel, 2008
	- Nerdinger, Friedemann W., Gerhard Blickle und Niclas Schaper (Hrsg.): Arbeits- und Organisationspsychologie. 3. Aufl. Berlin, Heidelberg: Springer, 2014
	- Jonas/Stroebe/Newstone (Hrsg.) Sozialpsychologie, Springer Verlag Berlin Heidelberg 2014
</text>
      </additionalNote>
      <additionalNote>
        <text content-type="text/plain" lang="de">Anmeldeformalitäten: Die Studierenden haben keine besonderen Anmeldeformalitäten zu beachten.</text>
      </additionalNote>
      <additionalNote>
        <text content-type="text/plain" lang="de">Gültigkeit: Seit 14.11.2020</text>
      </additionalNote>
      <supplementaryDoc uri="https://pim.moses.tu-berlin.de/moses/modultransfersystem/bolognamodule/beschreibung/anzeigen.html?number=20113&amp;amp;version=1">
        <subject uri="http://data.europa.eu/esco/qualification-topics#entry-requirements"/>
      </supplementaryDoc>
      <volumeOfLearning>P0Y0M0DT150H0M0S</volumeOfLearning>
      <hasECTSCreditPoints schemeID="http://data.europa.eu/europass/educationalCreditPointSystem/ects">5</hasECTSCreditPoints>
      <language uri="http://publications.europa.eu/resource/authority/language/DEU"/>
      <mode uri="http://data.europa.eu/europass/modeOfLearningAndAssessment/blended"/>
      <duration>P0Y6M0DT0H0M0S</duration>
      <targetGroup uri="http://data.europa.eu/europass/targetGroup/adults"/>
      <entryRequirementsNote>
        <text content-type="text/html" lang="de">&amp;lt;![CDATA[Wünschenswerte Voraussetzungen für die Teilnahme an den Lehrveranstaltungen: null;&amp;lt;br/&amp;gt;Verpflichtende Voraussetzungen für die Modulprüfungsanmeldung: Keine Angabe]]&amp;gt;</text>
      </entryRequirementsNote>
      <learningOutcomes>
        <learningOutcome idref="urn:thl:learningoutcome:20113#1"/>
      </learningOutcomes>
      <assessmentSpecification idref="urn:thl:assessment:spec:20113#1"/>
      <awardingOpportunities>
        <awardingOpportunity>
          <organization idref="urn:epass:thl:organization:927"/>
          <location uri="http://publications.europa.eu/resource/authority/country/DEU"/>
          <startedAtTime>2018-03-31T23:59:59.000Z</startedAtTime>
        </awardingOpportunity>
      </awardingOpportunities>
      <hasPart idref="urn:thl:learning:spec:20113#1-1"/>
      <hasPart idref="urn:thl:learning:spec:20113#1-2"/>
      <specializationOf idref="urn:thl:learning:spec:20113"/>
    </modulSpecialization>
    <learningEvent id="urn:thl:learning:spec:20113#1-1">
      <type uri="http://data.europa.eu/europass/learningOpportunityType/class"/>
      <title lang="de">Organisationspsychologie</title>
      <learningActivitySpecification idref="urn:thl:learningactivity:spec:20113#1-1"/>
    </learningEvent>
    <learningEvent id="urn:thl:learning:spec:20113#1-2">
      <type uri="http://data.europa.eu/europass/learningOpportunityType/class"/>
      <title lang="de">Changemanagement</title>
      <learningActivitySpecification idref="urn:thl:learningactivity:spec:20113#1-2"/>
    </learningEvent>
    <modul id="urn:thl:learning:spec:20113">
      <identifier>20113</identifier>
      <type uri="http://data.europa.eu/europass/learningOpportunityType/programModule"/>
      <title lang="de">Modul 20113</title>
    </modul>
    <modulSpecialization id="urn:thl:learning:spec:20130#1">
      <identifier>20130#1</identifier>
      <type uri="http://data.europa.eu/europass/learningOpportunityType/course"/>
      <title lang="de">Simulation technischer Systeme</title>
      <definition>
        <text content-type="text/plain" lang="de">- Einführung in die Systemplanung und Simulation
	- Struktur des Planungsprozesses
	- Einführung in die Simulationssoftware FLEXSIM
	- Projekt
	- Allgemeine Definition
	- Tätigkeitsprofile
	- Aufbauorganisation
	- Zielplanung
	- Strukturplanung
	- Ausführungsplanung
Fallstudien</text>
      </definition>
      <additionalNote>
        <text content-type="text/plain" lang="de">Literaturangaben: 	- Aggteleky, B.; Fabrikplanung - Werksentwicklung und Betriebsrationalisierung, Band 1: Grundlagen, Zielplanung, Vorarbeiten, Carl Hanser Verlag, München, Wien, 1998.
	- Aggteleky, B.; Fabrikplanung - Werksentwicklung und Betriebsrationalisierung, Band 2: Betriebsanalyse, Feasibility- Studie, Carl Hanser Verlag, München, Wien, 2001.
	- Aggteleky, B.: Fabrikplanung - Werksentwicklung und Betriebsrationalisierung, Band 3: Ausführungsplanung und Projektmanagement, Carl Hanser Verlag, München, Wien, 1990.
	- Grundig, C.-G.; Fabrikplanung: Planungssystematik, Methoden, Anwendungen, München, Hanser Verlag, 2014.
	- Kettner, H.; Leitfaden der systematischen Fabrikplanung, Hanser Fachbuchverlag, 2010.
	- Nyhuis, von P., Wiendahl, H.-P.; Handbuch Fabrikplanung: Konzept, Gestaltung und Umsetzung wandlungsfähiger Produktionsstätten, Carl Hanser Verlag, 2014.
	- Pawellek, G.; Ganzheitliche Fabrikplanung: Grundlagen, Vorgehensweise, VDI-Buch, Springer Verlag, Berlin, 2014.
	- Wiendahl, H.-P.; Planung modularer Fabriken: Vorgehen und Beispiele aus der Praxis, Hanser Verlag, 2013.
</text>
      </additionalNote>
      <additionalNote>
        <text content-type="text/plain" lang="de">Anmeldeformalitäten: Die Studierenden haben keine besonderen Anmeldeformalitäten zu beachten.</text>
      </additionalNote>
      <additionalNote>
        <text content-type="text/plain" lang="de">Gültigkeit: Seit 14.11.2020</text>
      </additionalNote>
      <supplementaryDoc uri="https://pim.moses.tu-berlin.de/moses/modultransfersystem/bolognamodule/beschreibung/anzeigen.html?number=20130&amp;amp;version=1">
        <subject uri="http://data.europa.eu/esco/qualification-topics#entry-requirements"/>
      </supplementaryDoc>
      <volumeOfLearning>P0Y0M0DT150H0M0S</volumeOfLearning>
      <hasECTSCreditPoints schemeID="http://data.europa.eu/europass/educationalCreditPointSystem/ects">5</hasECTSCreditPoints>
      <language uri="http://publications.europa.eu/resource/authority/language/DEU"/>
      <mode uri="http://data.europa.eu/europass/modeOfLearningAndAssessment/blended"/>
      <duration>P0Y6M0DT0H0M0S</duration>
      <targetGroup uri="http://data.europa.eu/europass/targetGroup/adults"/>
      <entryRequirementsNote>
        <text content-type="text/html" lang="de">&amp;lt;![CDATA[Wünschenswerte Voraussetzungen für die Teilnahme an den Lehrveranstaltungen: null;&amp;lt;br/&amp;gt;Verpflichtende Voraussetzungen für die Modulprüfungsanmeldung: Keine Angabe]]&amp;gt;</text>
      </entryRequirementsNote>
      <learningOutcomes>
        <learningOutcome idref="urn:thl:learningoutcome:20130#1"/>
      </learningOutcomes>
      <assessmentSpecification idref="urn:thl:assessment:spec:20130#1"/>
      <awardingOpportunities>
        <awardingOpportunity>
          <organization idref="urn:epass:thl:organization:927"/>
          <location uri="http://publications.europa.eu/resource/authority/country/DEU"/>
          <startedAtTime>2018-03-31T23:59:59.000Z</startedAtTime>
        </awardingOpportunity>
      </awardingOpportunities>
      <hasPart idref="urn:thl:learning:spec:20130#1-1"/>
      <specializationOf idref="urn:thl:learning:spec:20130"/>
    </modulSpecialization>
    <learningEvent id="urn:thl:learning:spec:20130#1-1">
      <type uri="http://data.europa.eu/europass/learningOpportunityType/class"/>
      <title lang="de">Simulation technischer Systeme</title>
      <learningActivitySpecification idref="urn:thl:learningactivity:spec:20130#1-1"/>
    </learningEvent>
    <modul id="urn:thl:learning:spec:20130">
      <identifier>20130</identifier>
      <type uri="http://data.europa.eu/europass/learningOpportunityType/programModule"/>
      <title lang="de">Modul 20130</title>
    </modul>
    <modulSpecialization id="urn:thl:learning:spec:20147#1">
      <identifier>20147#1</identifier>
      <type uri="http://data.europa.eu/europass/learningOpportunityType/course"/>
      <title lang="de">Advanced Planning Systems</title>
      <definition>
        <text content-type="text/plain" lang="de">- S&amp;OP und Produktionsprogrammplanung im ERP-Umfeld,
	- 
Advanced Planning Systems (APS)
	- 
Einführung SAP APO
	- Überblick über die Komponenten (DP, SNP,…)
	- Realisierungsbeispiele
	- Handling des SAP - APO
	- Sales &amp; Operations Planning Process (S&amp;OP)
	- 
Demand Planning (DP)
	- 
Supply Network Planning (SNP)
	- Anforderungen von SCM and IT-Systeme
	- Grundgedanken des Konzeptes APS
	- Vorteile und Risiken dieses Konzeptes
	- Abgrenzung zu ERP-Software (SAP ERP)
	- Einbindung in Planungsaktivitäten im Unternehmen
	- Stärken / Schwächen
	- einfache und komplexe Prognosetechniken
	- Aufbau eines Netzwerkes
	- manuelle Bedarfsübergabe
	- Optimierungstechniken
	- Vergleich zu S&amp;OP u. Programmplanung im ERP</text>
      </definition>
      <additionalNote>
        <text content-type="text/plain" lang="de">Literaturangaben: 	- SAP APO-System, vorbereitete Fallstudien und Vortragsunterlagen
	- Supply Chain Management mit SAP APO, Bartsch u.a., Galileo Press, Bonn
	- Supply Chain Management with APO: Structures, Modelling Approaches and Implementation Pecularities, Dickersbach, Springer Verlag, Berlin
	- Supply Chain Management auf Basis von SAP-Systemen, Mertens u.a., Springer Verlag, Berlin - Supply Chain Management and Advanced Planning: Concepts, Models, Software, and Case Studies, Stadtler, Kilger, Springer Verlag, Berlin
	- Absatz- und Bestandsplanung mit SAP APO, Hoppe, Galileo Press, Bonn
	- Demand and Supply Planning with SAP APO, Pradhan, Galileo Press, Bonn
</text>
      </additionalNote>
      <additionalNote>
        <text content-type="text/plain" lang="de">Anmeldeformalitäten: Die Studierenden haben keine besonderen Anmeldeformalitäten zu beachten.</text>
      </additionalNote>
      <additionalNote>
        <text content-type="text/plain" lang="de">Gültigkeit: Seit 14.11.2020</text>
      </additionalNote>
      <supplementaryDoc uri="https://pim.moses.tu-berlin.de/moses/modultransfersystem/bolognamodule/beschreibung/anzeigen.html?number=20147&amp;amp;version=1">
        <subject uri="http://data.europa.eu/esco/qualification-topics#entry-requirements"/>
      </supplementaryDoc>
      <volumeOfLearning>P0Y0M0DT225H0M0S</volumeOfLearning>
      <hasECTSCreditPoints schemeID="http://data.europa.eu/europass/educationalCreditPointSystem/ects">7.5</hasECTSCreditPoints>
      <language uri="http://publications.europa.eu/resource/authority/language/DEU"/>
      <mode uri="http://data.europa.eu/europass/modeOfLearningAndAssessment/blended"/>
      <duration>P0Y6M0DT0H0M0S</duration>
      <targetGroup uri="http://data.europa.eu/europass/targetGroup/adults"/>
      <entryRequirementsNote>
        <text content-type="text/html" lang="de">&amp;lt;![CDATA[Wünschenswerte Voraussetzungen für die Teilnahme an den Lehrveranstaltungen: null;&amp;lt;br/&amp;gt;Verpflichtende Voraussetzungen für die Modulprüfungsanmeldung: Keine Angabe]]&amp;gt;</text>
      </entryRequirementsNote>
      <learningOutcomes>
        <learningOutcome idref="urn:thl:learningoutcome:20147#1"/>
      </learningOutcomes>
      <assessmentSpecification idref="urn:thl:assessment:spec:20147#1"/>
      <awardingOpportunities>
        <awardingOpportunity>
          <organization idref="urn:epass:thl:organization:927"/>
          <location uri="http://publications.europa.eu/resource/authority/country/DEU"/>
          <startedAtTime>2018-03-31T23:59:59.000Z</startedAtTime>
        </awardingOpportunity>
      </awardingOpportunities>
      <hasPart idref="urn:thl:learning:spec:20147#1-1"/>
      <specializationOf idref="urn:thl:learning:spec:20147"/>
    </modulSpecialization>
    <learningEvent id="urn:thl:learning:spec:20147#1-1">
      <type uri="http://data.europa.eu/europass/learningOpportunityType/class"/>
      <title lang="de">Advanced Planning Systems</title>
      <learningActivitySpecification idref="urn:thl:learningactivity:spec:20147#1-1"/>
    </learningEvent>
    <modul id="urn:thl:learning:spec:20147">
      <identifier>20147</identifier>
      <type uri="http://data.europa.eu/europass/learningOpportunityType/programModule"/>
      <title lang="de">Modul 20147</title>
    </modul>
    <modulSpecialization id="urn:thl:learning:spec:20164#1">
      <identifier>20164#1</identifier>
      <type uri="http://data.europa.eu/europass/learningOpportunityType/course"/>
      <title lang="de">Strategisches Produktionscontrolling und Fallstudien</title>
      <definition>
        <text content-type="text/plain" lang="de">Strategisches Produktionscontrolling:
	- Grundlagen des Controlling
	- Strategisches Controlling
	- Methoden des strategischen Controlling
	- Allgemeine Definition
	- Operatives Produktionscontrolling
	- Status Strategisches Controlling
	- Strategische Planung
	- Strategische Plankontrolle – Frühwarnung
	- Marktorientiertes Kostenmanagement -Target Costing
	- Fallbeispiel Strategieplan
	- Make or Buy Entscheidung
	- Benchmarking
	- Portfolio
	- Szenariotechnik
	- Lebenszykluskurven

Fallstudien - Strategisches Produktionscontrolling:
Fallstudie: Sanierung eines Unternehmens</text>
      </definition>
      <additionalNote>
        <text content-type="text/plain" lang="de">Literaturangaben: 	- Horvath, P., Controlling, München, Vahlen, 2015.
	- Kerth, K., Asum, H.; Die besten Strategietools in der Praxis, München, Carl Hanser Verlag, 2015.
	- Kralicek, P., Böhmdorfer, F.; Kennzahlen für Geschäftsführer, Wien/Frankfurt, Wirtschaftsverlag Ueberreuter, 2013.
	- Reichmann, T.; Controlling mit Kennzahlen, München, Vahlen, 2017.
	- Gathen, von der A.; Das große Handbuch der Strategieinstrumente, Frankfurt, Campus Verlag, 2014.
</text>
      </additionalNote>
      <additionalNote>
        <text content-type="text/plain" lang="de">Anmeldeformalitäten: Die Studierenden haben keine besonderen Anmeldeformalitäten zu beachten.</text>
      </additionalNote>
      <additionalNote>
        <text content-type="text/plain" lang="de">Gültigkeit: Seit 14.11.2020</text>
      </additionalNote>
      <supplementaryDoc uri="https://pim.moses.tu-berlin.de/moses/modultransfersystem/bolognamodule/beschreibung/anzeigen.html?number=20164&amp;amp;version=1">
        <subject uri="http://data.europa.eu/esco/qualification-topics#entry-requirements"/>
      </supplementaryDoc>
      <volumeOfLearning>P0Y0M0DT225H0M0S</volumeOfLearning>
      <hasECTSCreditPoints schemeID="http://data.europa.eu/europass/educationalCreditPointSystem/ects">7.5</hasECTSCreditPoints>
      <language uri="http://publications.europa.eu/resource/authority/language/DEU"/>
      <mode uri="http://data.europa.eu/europass/modeOfLearningAndAssessment/blended"/>
      <duration>P0Y6M0DT0H0M0S</duration>
      <targetGroup uri="http://data.europa.eu/europass/targetGroup/adults"/>
      <entryRequirementsNote>
        <text content-type="text/html" lang="de">&amp;lt;![CDATA[Wünschenswerte Voraussetzungen für die Teilnahme an den Lehrveranstaltungen: null;&amp;lt;br/&amp;gt;Verpflichtende Voraussetzungen für die Modulprüfungsanmeldung: Keine Angabe]]&amp;gt;</text>
      </entryRequirementsNote>
      <learningOutcomes>
        <learningOutcome idref="urn:thl:learningoutcome:20164#1"/>
      </learningOutcomes>
      <assessmentSpecification idref="urn:thl:assessment:spec:20164#1"/>
      <awardingOpportunities>
        <awardingOpportunity>
          <organization idref="urn:epass:thl:organization:927"/>
          <location uri="http://publications.europa.eu/resource/authority/country/DEU"/>
          <startedAtTime>2018-03-31T23:59:59.000Z</startedAtTime>
        </awardingOpportunity>
      </awardingOpportunities>
      <hasPart idref="urn:thl:learning:spec:20164#1-1"/>
      <hasPart idref="urn:thl:learning:spec:20164#1-2"/>
      <specializationOf idref="urn:thl:learning:spec:20164"/>
    </modulSpecialization>
    <learningEvent id="urn:thl:learning:spec:20164#1-1">
      <type uri="http://data.europa.eu/europass/learningOpportunityType/class"/>
      <title lang="de">Strategisches Produktionscontrolling</title>
      <learningActivitySpecification idref="urn:thl:learningactivity:spec:20164#1-1"/>
    </learningEvent>
    <learningEvent id="urn:thl:learning:spec:20164#1-2">
      <type uri="http://data.europa.eu/europass/learningOpportunityType/class"/>
      <title lang="de">Fallstudien - Strategisches Produktionscontrolling</title>
      <learningActivitySpecification idref="urn:thl:learningactivity:spec:20164#1-2"/>
    </learningEvent>
    <modul id="urn:thl:learning:spec:20164">
      <identifier>20164</identifier>
      <type uri="http://data.europa.eu/europass/learningOpportunityType/programModule"/>
      <title lang="de">Modul 20164</title>
    </modul>
    <modulSpecialization id="urn:thl:learning:spec:20181#1">
      <identifier>20181#1</identifier>
      <type uri="http://data.europa.eu/europass/learningOpportunityType/course"/>
      <title lang="de">Telematik-Anwendungen</title>
      <definition>
        <text content-type="text/plain" lang="de">- Elemente der Verkehrs-Telematik - Ortung mobiler Objekte im Verkehrsgeschehen
	- Wirtschaftlichkeitsbetrachtungen - Konzept des TCO Total Cost of Ownership
	- IT-Sicherheit - Sicherheitskonzepte
	- Zielfindungs- und Zielführungssysteme- Verkehrsleitsysteme, - Parkhausleitsysteme
	- Routenoptimierungssysteme - Flottenmanagementsysteme
	- Road Pricing - Mautsysteme
	- Identifikationssysteme - LBS Location Based Services
	- Biometrische Verfahren -Wahrnehmung, Visualisierung
	- GIS - Geographische Informationssysteme
	- Spezielle Anwendungen von Telematik Landwirtschaft, Medizin, Touristik, Logistik, Hausautomation etc.</text>
      </definition>
      <additionalNote>
        <text content-type="text/plain" lang="de">Literaturangaben: Dochow: Grundlagen und normativer Rahmen der Telematik im Gesundheitswesen; 2017
Leitfaden Verkehrs-Telematik-Hinweise zur Planung und Nutzung in Kommunen und Kreisen, TU Darmstadt, ZIV – Zentrum für integrierte Verkehrssysteme, 2005
Evers, Harry. (Hrsg.): Kompendium der Verkehrs-Telematik; Technologien, Applikationen, Perspektiven
</text>
      </additionalNote>
      <additionalNote>
        <text content-type="text/plain" lang="de">Anmeldeformalitäten: Die Studierenden haben keine besonderen Anmeldeformalitäten zu beachten.</text>
      </additionalNote>
      <additionalNote>
        <text content-type="text/plain" lang="de">Gültigkeit: Seit 14.11.2020</text>
      </additionalNote>
      <supplementaryDoc uri="https://pim.moses.tu-berlin.de/moses/modultransfersystem/bolognamodule/beschreibung/anzeigen.html?number=20181&amp;amp;version=1">
        <subject uri="http://data.europa.eu/esco/qualification-topics#entry-requirements"/>
      </supplementaryDoc>
      <volumeOfLearning>P0Y0M0DT150H0M0S</volumeOfLearning>
      <hasECTSCreditPoints schemeID="http://data.europa.eu/europass/educationalCreditPointSystem/ects">5</hasECTSCreditPoints>
      <language uri="http://publications.europa.eu/resource/authority/language/DEU"/>
      <mode uri="http://data.europa.eu/europass/modeOfLearningAndAssessment/blended"/>
      <duration>P0Y6M0DT0H0M0S</duration>
      <targetGroup uri="http://data.europa.eu/europass/targetGroup/adults"/>
      <entryRequirementsNote>
        <text content-type="text/html" lang="de">&amp;lt;![CDATA[Wünschenswerte Voraussetzungen für die Teilnahme an den Lehrveranstaltungen: null;&amp;lt;br/&amp;gt;Verpflichtende Voraussetzungen für die Modulprüfungsanmeldung: Keine Angabe]]&amp;gt;</text>
      </entryRequirementsNote>
      <learningOutcomes>
        <learningOutcome idref="urn:thl:learningoutcome:20181#1"/>
      </learningOutcomes>
      <assessmentSpecification idref="urn:thl:assessment:spec:20181#1"/>
      <awardingOpportunities>
        <awardingOpportunity>
          <organization idref="urn:epass:thl:organization:927"/>
          <location uri="http://publications.europa.eu/resource/authority/country/DEU"/>
          <startedAtTime>2018-03-31T23:59:59.000Z</startedAtTime>
        </awardingOpportunity>
      </awardingOpportunities>
      <hasPart idref="urn:thl:learning:spec:20181#1-1"/>
      <specializationOf idref="urn:thl:learning:spec:20181"/>
    </modulSpecialization>
    <learningEvent id="urn:thl:learning:spec:20181#1-1">
      <type uri="http://data.europa.eu/europass/learningOpportunityType/class"/>
      <title lang="de">Telematik-Anwendungen</title>
      <learningActivitySpecification idref="urn:thl:learningactivity:spec:20181#1-1"/>
    </learningEvent>
    <modul id="urn:thl:learning:spec:20181">
      <identifier>20181</identifier>
      <type uri="http://data.europa.eu/europass/learningOpportunityType/programModule"/>
      <title lang="de">Modul 20181</title>
    </modul>
    <modulSpecialization id="urn:thl:learning:spec:20198#1">
      <identifier>20198#1</identifier>
      <type uri="http://data.europa.eu/europass/learningOpportunityType/course"/>
      <title lang="de">Supply Chain Management</title>
      <definition>
        <text content-type="text/plain" lang="de">- Introduction to SCM
	- Supply Chain Design and Operations
	- SCM information systems
	- Case study/Exercise:
	- Business Game SCM
	- Usage of cultural diversity
	- From logistics to SCM
	- Goals and principles of SCM
	- Best practice examples
	- Special SCM tools (VMI, ECR, JIT, 3 and 4 PL)
	- Selected quantitative models
	- Change management
E-Business</text>
      </definition>
      <additionalNote>
        <text content-type="text/plain" lang="de">Literaturangaben: Chopra, S.; Meindl, P. ; Supply Chain Management
Pearson Education Limited; Auflage: 6th Global ed Mai 2016
Corsten, D.; Gabriel, Chr.: Supply Chain Management
erfolgreich umsetzen. Berlin u.a.: Springer 2002
Corsten, D.; Gössinger, R.: Einführung in das Supply Chain
Management. München, Wien: Oldenbourg 2001
Eißig, M. (Hrsg.): Perspektiven des Supply Chain
Managements. Berlin et al: Springer 2005
Kuhn, A.; Hellingrath, H.: Supply Chain Management.
Berlin u.a.: Springer 2002
Schönsleben, P.: Integrated Logistics Management. Boca
Raton et al: St. Lucie 2000
Simchi-Levi, D.; Kaminsky, P.; Simchi-Levi, E. Designing and Managing the Supply Chain; Mcgraw-Hill Education - Europe; Auflage: 4 Rev ed. 2016
</text>
      </additionalNote>
      <additionalNote>
        <text content-type="text/plain" lang="de">Anmeldeformalitäten: Die Studierenden haben keine besonderen Anmeldeformalitäten zu beachten.</text>
      </additionalNote>
      <additionalNote>
        <text content-type="text/plain" lang="de">Gültigkeit: Seit 14.11.2020</text>
      </additionalNote>
      <supplementaryDoc uri="https://pim.moses.tu-berlin.de/moses/modultransfersystem/bolognamodule/beschreibung/anzeigen.html?number=20198&amp;amp;version=1">
        <subject uri="http://data.europa.eu/esco/qualification-topics#entry-requirements"/>
      </supplementaryDoc>
      <volumeOfLearning>P0Y0M0DT150H0M0S</volumeOfLearning>
      <hasECTSCreditPoints schemeID="http://data.europa.eu/europass/educationalCreditPointSystem/ects">5</hasECTSCreditPoints>
      <language uri="http://publications.europa.eu/resource/authority/language/ENG"/>
      <mode uri="http://data.europa.eu/europass/modeOfLearningAndAssessment/blended"/>
      <duration>P0Y6M0DT0H0M0S</duration>
      <targetGroup uri="http://data.europa.eu/europass/targetGroup/adults"/>
      <entryRequirementsNote>
        <text content-type="text/html" lang="de">&amp;lt;![CDATA[Wünschenswerte Voraussetzungen für die Teilnahme an den Lehrveranstaltungen: null;&amp;lt;br/&amp;gt;Verpflichtende Voraussetzungen für die Modulprüfungsanmeldung: Keine Angabe]]&amp;gt;</text>
      </entryRequirementsNote>
      <learningOutcomes>
        <learningOutcome idref="urn:thl:learningoutcome:20198#1"/>
      </learningOutcomes>
      <assessmentSpecification idref="urn:thl:assessment:spec:20198#1"/>
      <awardingOpportunities>
        <awardingOpportunity>
          <organization idref="urn:epass:thl:organization:927"/>
          <location uri="http://publications.europa.eu/resource/authority/country/DEU"/>
          <startedAtTime>2018-03-31T23:59:59.000Z</startedAtTime>
        </awardingOpportunity>
      </awardingOpportunities>
      <hasPart idref="urn:thl:learning:spec:20198#1-1"/>
      <specializationOf idref="urn:thl:learning:spec:20198"/>
    </modulSpecialization>
    <learningEvent id="urn:thl:learning:spec:20198#1-1">
      <type uri="http://data.europa.eu/europass/learningOpportunityType/class"/>
      <title lang="de">Supply Chain Management</title>
      <learningActivitySpecification idref="urn:thl:learningactivity:spec:20198#1-1"/>
    </learningEvent>
    <modul id="urn:thl:learning:spec:20198">
      <identifier>20198</identifier>
      <type uri="http://data.europa.eu/europass/learningOpportunityType/programModule"/>
      <title lang="de">Modul 20198</title>
    </modul>
    <modulSpecialization id="urn:thl:learning:spec:20215#1">
      <identifier>20215#1</identifier>
      <type uri="http://data.europa.eu/europass/learningOpportunityType/course"/>
      <title lang="de">Verkehrsbetriebslehre</title>
      <definition>
        <text content-type="text/plain" lang="de">- Unternehmensformen in Verkehr und Logistik - Verkehrsunternehmen, Spediteure, Logistikdienstleister, Reedereien etc.
	- Anforderungen an Verkehrsbetriebe und Logistikdienstleister - Besonderheiten der betrieblichen Leistungserstellung
	- Kerngedanken des Supply Chain Managements -Gestaltungsparameter, Rahmenbedingungen
	- Vorgehen zur Planung der Transportlogistik - Analyse von Transport- und Distributionsnetzen
	- Kontraktlogistik- Bestandteile, Kennzeichen, Voraussetzungen
	- Problembereiche der Kontraktlogistik - Inhalte von Ausschreibungen
	- Spezielle Logistik -Automobil-, Textil-, Kühl-, Getränke-, Gefahrgut-Logistik u.a.
	- Beschaffungskonzepte
	- Instrumente des Controllings für Verkehrs- und Logistikbetriebe -Aspekte der Preisgestaltung für Dienstleistungen in Logistik- und Verkehr</text>
      </definition>
      <additionalNote>
        <text content-type="text/plain" lang="de">Literaturangaben: Clausen / Geiger (Hrsg.): Verkehrs- und Transportlogistik, Springer-Verlag Berlin Heidelberg 2013
Holderied, C.: Güterverkehr, Spedition und Logistik: Managementkonzepte für Güterverkehrs-betriebe, Speditionsunternehmen und logistische Dienstleister, 2005
</text>
      </additionalNote>
      <additionalNote>
        <text content-type="text/plain" lang="de">Anmeldeformalitäten: Die Studierenden haben keine besonderen Anmeldeformalitäten zu beachten.</text>
      </additionalNote>
      <additionalNote>
        <text content-type="text/plain" lang="de">Gültigkeit: Seit 14.11.2020</text>
      </additionalNote>
      <supplementaryDoc uri="https://pim.moses.tu-berlin.de/moses/modultransfersystem/bolognamodule/beschreibung/anzeigen.html?number=20215&amp;amp;version=1">
        <subject uri="http://data.europa.eu/esco/qualification-topics#entry-requirements"/>
      </supplementaryDoc>
      <volumeOfLearning>P0Y0M0DT150H0M0S</volumeOfLearning>
      <hasECTSCreditPoints schemeID="http://data.europa.eu/europass/educationalCreditPointSystem/ects">5</hasECTSCreditPoints>
      <language uri="http://publications.europa.eu/resource/authority/language/DEU"/>
      <mode uri="http://data.europa.eu/europass/modeOfLearningAndAssessment/blended"/>
      <duration>P0Y6M0DT0H0M0S</duration>
      <targetGroup uri="http://data.europa.eu/europass/targetGroup/adults"/>
      <entryRequirementsNote>
        <text content-type="text/html" lang="de">&amp;lt;![CDATA[Wünschenswerte Voraussetzungen für die Teilnahme an den Lehrveranstaltungen: null;&amp;lt;br/&amp;gt;Verpflichtende Voraussetzungen für die Modulprüfungsanmeldung: Keine Angabe]]&amp;gt;</text>
      </entryRequirementsNote>
      <learningOutcomes>
        <learningOutcome idref="urn:thl:learningoutcome:20215#1"/>
      </learningOutcomes>
      <assessmentSpecification idref="urn:thl:assessment:spec:20215#1"/>
      <awardingOpportunities>
        <awardingOpportunity>
          <organization idref="urn:epass:thl:organization:927"/>
          <location uri="http://publications.europa.eu/resource/authority/country/DEU"/>
          <startedAtTime>2018-03-31T23:59:59.000Z</startedAtTime>
        </awardingOpportunity>
      </awardingOpportunities>
      <hasPart idref="urn:thl:learning:spec:20215#1-1"/>
      <specializationOf idref="urn:thl:learning:spec:20215"/>
    </modulSpecialization>
    <learningEvent id="urn:thl:learning:spec:20215#1-1">
      <type uri="http://data.europa.eu/europass/learningOpportunityType/class"/>
      <title lang="de">Verkehrsbetriebslehre</title>
      <learningActivitySpecification idref="urn:thl:learningactivity:spec:20215#1-1"/>
    </learningEvent>
    <modul id="urn:thl:learning:spec:20215">
      <identifier>20215</identifier>
      <type uri="http://data.europa.eu/europass/learningOpportunityType/programModule"/>
      <title lang="de">Modul 20215</title>
    </modul>
    <modulSpecialization id="urn:thl:learning:spec:20232#1">
      <identifier>20232#1</identifier>
      <type uri="http://data.europa.eu/europass/learningOpportunityType/course"/>
      <title lang="de">Businessplan</title>
      <definition>
        <text content-type="text/plain" lang="de">Im Rahmen der Veranstaltung werden die Geschäftsideen für eine potenzielle Unternehmensgründung gesammelt, bewertet und in Form eines detaillierten Business Plans ausgearbeitet. Mittels Fachvorträgen zu den einzelnen Bestandteilen des Business Plans soll dessen Relevanz für die unternehmerische Praxis gezeigt werden. Die Studierenden arbeiten in Arbeitsgruppen einen vollständigen Businessplan selbstständig aus.</text>
      </definition>
      <additionalNote>
        <text content-type="text/plain" lang="de">Literaturangaben: Ries, E. (2017). The Lean Startup: How Today's Entrepreneurs Use Continuous Innovation to Create Radically Successful Businesses. London: Penguin Books.
Kollmann, T. (2016). E-Entrepreneurship: Grundlagen der Unternehmensgründung in der Digitalen Wirtschaft. 6. Auflage. Wiesbaden: Springer Gabler.
Kailer, N.; Weiß, G. (2018). Gründungsmanagement kompakt: Von der Idee zum Businessplan. Wien: Linde Verlag
Hering, T.; Olbrich, M.; Klein, A. (2018). Unternehmensnachfolge (Lehr- und Handbücher der Wirtschaftswissenschaft). Berlin: Walter de Gruyter GmbH.
Fueglistaller, U.; Müller, C.; Volery, T. (2016). Entrepreneurship. Modelle – Umsetzung – Perspektiven. Wiesbaden: Gabler.
Vollmann, S. (2018). Innovationsmanagement unter extremer Unsicherheit: Neue Methoden zur Ideenbewertung zu Beginn des Innovationsprozesses. Marburg: Büchner Verlag
Freiling, J.; Kollmann, T. (Hrsg.) (2018). Entrepreneurial Marketing: Besonderheiten, Aufgaben und Lösungsansätze für Gründungsunternehmen. Wiesbaden: Springer Gabler
</text>
      </additionalNote>
      <additionalNote>
        <text content-type="text/plain" lang="de">Anmeldeformalitäten: Die Studierenden haben keine besonderen Anmeldeformalitäten zu beachten.</text>
      </additionalNote>
      <additionalNote>
        <text content-type="text/plain" lang="de">Gültigkeit: Seit 14.11.2020</text>
      </additionalNote>
      <supplementaryDoc uri="https://pim.moses.tu-berlin.de/moses/modultransfersystem/bolognamodule/beschreibung/anzeigen.html?number=20232&amp;amp;version=1">
        <subject uri="http://data.europa.eu/esco/qualification-topics#entry-requirements"/>
      </supplementaryDoc>
      <volumeOfLearning>P0Y0M0DT150H0M0S</volumeOfLearning>
      <hasECTSCreditPoints schemeID="http://data.europa.eu/europass/educationalCreditPointSystem/ects">5</hasECTSCreditPoints>
      <language uri="http://publications.europa.eu/resource/authority/language/DEU"/>
      <mode uri="http://data.europa.eu/europass/modeOfLearningAndAssessment/blended"/>
      <duration>P0Y6M0DT0H0M0S</duration>
      <targetGroup uri="http://data.europa.eu/europass/targetGroup/adults"/>
      <entryRequirementsNote>
        <text content-type="text/html" lang="de">&amp;lt;![CDATA[Wünschenswerte Voraussetzungen für die Teilnahme an den Lehrveranstaltungen: null;&amp;lt;br/&amp;gt;Verpflichtende Voraussetzungen für die Modulprüfungsanmeldung: Keine Angabe]]&amp;gt;</text>
      </entryRequirementsNote>
      <learningOutcomes>
        <learningOutcome idref="urn:thl:learningoutcome:20232#1"/>
      </learningOutcomes>
      <assessmentSpecification idref="urn:thl:assessment:spec:20232#1"/>
      <awardingOpportunities>
        <awardingOpportunity>
          <organization idref="urn:epass:thl:organization:927"/>
          <location uri="http://publications.europa.eu/resource/authority/country/DEU"/>
          <startedAtTime>2018-03-31T23:59:59.000Z</startedAtTime>
        </awardingOpportunity>
      </awardingOpportunities>
      <hasPart idref="urn:thl:learning:spec:20232#1-1"/>
      <specializationOf idref="urn:thl:learning:spec:20232"/>
    </modulSpecialization>
    <learningEvent id="urn:thl:learning:spec:20232#1-1">
      <type uri="http://data.europa.eu/europass/learningOpportunityType/class"/>
      <title lang="de">Businessplan</title>
      <learningActivitySpecification idref="urn:thl:learningactivity:spec:20232#1-1"/>
    </learningEvent>
    <modul id="urn:thl:learning:spec:20232">
      <identifier>20232</identifier>
      <type uri="http://data.europa.eu/europass/learningOpportunityType/programModule"/>
      <title lang="de">Modul 20232</title>
    </modul>
    <modulSpecialization id="urn:thl:learning:spec:20249#1">
      <identifier>20249#1</identifier>
      <type uri="http://data.europa.eu/europass/learningOpportunityType/course"/>
      <title lang="de">Entrepreneurial Behavior</title>
      <definition>
        <text content-type="text/plain" lang="de">- Psychologie von UnternehmerInnen und unternehmerischen Teams
	- Unternehmerische Entscheidungsfindung und Umsetzung
	- Motivation von MitarbeiterInnen
	- Personalführung und Persönlichkeitsentwicklung
	- Einfluss der unternehmerischen Leidenschaft auf die Handlungen von Entrepreneuren</text>
      </definition>
      <additionalNote>
        <text content-type="text/plain" lang="de">Literaturangaben: 	- Organisations- und PersonalpsychologieAnsfried B. Weinert:  - Beitz Verlag, Basel, 2004
	- Grundlagen der OrganisationspsychologieLutz von Rosenstiel, Friedemann W. Nerdinger:  - Schaeffer Poeschel Verlag, 7. überarbeitete Auflage
	- Psychologie für die WirtschaftLioba Werth:  - Spektrum Akademischer Verlag, 2004
	- Sozialpsychologie - Interaktion und GruppeDieter Frey, Hans Werner Bierhoff:  - Hogrefe Verlag, Göttingen 2011
	- International Human Resource ManagementPeter Dowling, Marion Festing, Allen D. Engle:  - 5th Edition, London, 2008
</text>
      </additionalNote>
      <additionalNote>
        <text content-type="text/plain" lang="de">Anmeldeformalitäten: Die Studierenden haben keine besonderen Anmeldeformalitäten zu beachten.</text>
      </additionalNote>
      <additionalNote>
        <text content-type="text/plain" lang="de">Gültigkeit: Seit 14.11.2020</text>
      </additionalNote>
      <supplementaryDoc uri="https://pim.moses.tu-berlin.de/moses/modultransfersystem/bolognamodule/beschreibung/anzeigen.html?number=20249&amp;amp;version=1">
        <subject uri="http://data.europa.eu/esco/qualification-topics#entry-requirements"/>
      </supplementaryDoc>
      <volumeOfLearning>P0Y0M0DT150H0M0S</volumeOfLearning>
      <hasECTSCreditPoints schemeID="http://data.europa.eu/europass/educationalCreditPointSystem/ects">5</hasECTSCreditPoints>
      <language uri="http://publications.europa.eu/resource/authority/language/DEU"/>
      <mode uri="http://data.europa.eu/europass/modeOfLearningAndAssessment/blended"/>
      <duration>P0Y6M0DT0H0M0S</duration>
      <targetGroup uri="http://data.europa.eu/europass/targetGroup/adults"/>
      <entryRequirementsNote>
        <text content-type="text/html" lang="de">&amp;lt;![CDATA[Wünschenswerte Voraussetzungen für die Teilnahme an den Lehrveranstaltungen: null;&amp;lt;br/&amp;gt;Verpflichtende Voraussetzungen für die Modulprüfungsanmeldung: Keine Angabe]]&amp;gt;</text>
      </entryRequirementsNote>
      <learningOutcomes>
        <learningOutcome idref="urn:thl:learningoutcome:20249#1"/>
      </learningOutcomes>
      <assessmentSpecification idref="urn:thl:assessment:spec:20249#1"/>
      <awardingOpportunities>
        <awardingOpportunity>
          <organization idref="urn:epass:thl:organization:927"/>
          <location uri="http://publications.europa.eu/resource/authority/country/DEU"/>
          <startedAtTime>2018-03-31T23:59:59.000Z</startedAtTime>
        </awardingOpportunity>
      </awardingOpportunities>
      <hasPart idref="urn:thl:learning:spec:20249#1-1"/>
      <specializationOf idref="urn:thl:learning:spec:20249"/>
    </modulSpecialization>
    <learningEvent id="urn:thl:learning:spec:20249#1-1">
      <type uri="http://data.europa.eu/europass/learningOpportunityType/class"/>
      <title lang="de">Entrepreneurial Behavior</title>
      <learningActivitySpecification idref="urn:thl:learningactivity:spec:20249#1-1"/>
    </learningEvent>
    <modul id="urn:thl:learning:spec:20249">
      <identifier>20249</identifier>
      <type uri="http://data.europa.eu/europass/learningOpportunityType/programModule"/>
      <title lang="de">Modul 20249</title>
    </modul>
    <modulSpecialization id="urn:thl:learning:spec:20266#1">
      <identifier>20266#1</identifier>
      <type uri="http://data.europa.eu/europass/learningOpportunityType/course"/>
      <title lang="de">Verhandlungsführung</title>
      <definition>
        <text content-type="text/plain" lang="de">- Grundlagen der Verhandlungsführung
	- Prozessschritte von Verhandlungen
	- Verhandlungszusammenhänge
	- Individuelle Verhandlungsdifferenzen
	- Lösungen für Verhandlungsdifferenzen
	- Emotionen in Verhandlungen</text>
      </definition>
      <additionalNote>
        <text content-type="text/plain" lang="de">Literaturangaben: 	- Marketing - A relationship approachHollensen, Oprensik:  - Vahlen Verlag, München, 2010
	- Wie Manager richtig führenKotter:  - München / Wien, 1999
	- Mikropolitik. Rationalität, Macht und Spiele in OrganisationenKüpper, Ortmann:  - Opladen, 2. Auflage, 1992
	- Die heimlichen Spielregeln der Karriere. Wie Sie die ungeschriebenen Gesetze am Arbeitsplatz für ihren Erfolg nutzenLürssen, Opresnik:  - 3. Auflage, Frankfurt / New York, 2010
	- Mikropolitik. Der alltägliche Aufbau und Einsatz von Macht in OrganisationenNeuberger:  - 2. Auflage, Stuttgart, 2006
	- Die Geheimnisse erfolgreicher Verhandlungsführung - Besser verhandeln - in jeder BeziehungOpresnik:  - Springer, 2013
	- Allgemeine Betriebs- und Managementlehre, Grundlagen und Praxis einer integrierten marktorientierten UnternehmensführungOpresnik, Rennhak:  - Gabler, 2011
	- Visualisieren - Präsentieren - ModerierenSeifert:  - 23. Auflage, Offenbach, 2009
</text>
      </additionalNote>
      <additionalNote>
        <text content-type="text/plain" lang="de">Anmeldeformalitäten: Die Studierenden haben keine besonderen Anmeldeformalitäten zu beachten.</text>
      </additionalNote>
      <additionalNote>
        <text content-type="text/plain" lang="de">Gültigkeit: Seit 14.11.2020</text>
      </additionalNote>
      <supplementaryDoc uri="https://pim.moses.tu-berlin.de/moses/modultransfersystem/bolognamodule/beschreibung/anzeigen.html?number=20266&amp;amp;version=1">
        <subject uri="http://data.europa.eu/esco/qualification-topics#entry-requirements"/>
      </supplementaryDoc>
      <volumeOfLearning>P0Y0M0DT150H0M0S</volumeOfLearning>
      <hasECTSCreditPoints schemeID="http://data.europa.eu/europass/educationalCreditPointSystem/ects">5</hasECTSCreditPoints>
      <language uri="http://publications.europa.eu/resource/authority/language/DEU"/>
      <mode uri="http://data.europa.eu/europass/modeOfLearningAndAssessment/blended"/>
      <duration>P0Y6M0DT0H0M0S</duration>
      <targetGroup uri="http://data.europa.eu/europass/targetGroup/adults"/>
      <entryRequirementsNote>
        <text content-type="text/html" lang="de">&amp;lt;![CDATA[Wünschenswerte Voraussetzungen für die Teilnahme an den Lehrveranstaltungen: null;&amp;lt;br/&amp;gt;Verpflichtende Voraussetzungen für die Modulprüfungsanmeldung: Keine Angabe]]&amp;gt;</text>
      </entryRequirementsNote>
      <learningOutcomes>
        <learningOutcome idref="urn:thl:learningoutcome:20266#1"/>
      </learningOutcomes>
      <assessmentSpecification idref="urn:thl:assessment:spec:20266#1"/>
      <awardingOpportunities>
        <awardingOpportunity>
          <organization idref="urn:epass:thl:organization:927"/>
          <location uri="http://publications.europa.eu/resource/authority/country/DEU"/>
          <startedAtTime>2018-03-31T23:59:59.000Z</startedAtTime>
        </awardingOpportunity>
      </awardingOpportunities>
      <hasPart idref="urn:thl:learning:spec:20266#1-1"/>
      <specializationOf idref="urn:thl:learning:spec:20266"/>
    </modulSpecialization>
    <learningEvent id="urn:thl:learning:spec:20266#1-1">
      <type uri="http://data.europa.eu/europass/learningOpportunityType/class"/>
      <title lang="de">Verhandlungsführung</title>
      <learningActivitySpecification idref="urn:thl:learningactivity:spec:20266#1-1"/>
    </learningEvent>
    <modul id="urn:thl:learning:spec:20266">
      <identifier>20266</identifier>
      <type uri="http://data.europa.eu/europass/learningOpportunityType/programModule"/>
      <title lang="de">Modul 20266</title>
    </modul>
    <modulSpecialization id="urn:thl:learning:spec:20283#1">
      <identifier>20283#1</identifier>
      <type uri="http://data.europa.eu/europass/learningOpportunityType/course"/>
      <title lang="de">Entrepreneurship in der digitalen Wirtschaft</title>
      <definition>
        <text content-type="text/plain" lang="de">- Im Rahmen der Veranstaltung erhalten die Studierenden unter anderem einen Einblick in den unternehmerischen Prozess, das Erkennen von Geschäftsmöglichkeiten sowie die Gestaltung und Veränderung von jungen Unternehmen. Daneben werden die Studierenden in die Lage versetzt, Geschäftsmodelle auf einfacher Ebene zu verstehen. Gleichzeitig umfasst die Veranstaltung die Strategieentwicklung, grundsätzliche Aspekte des unternehmerischen Marketing, Wachstumsformen und -strategien, Unternehmertum im Kontext etablierter Unternehmen sowie Social Entrepreneurship.
	- Bei der Behandlung der genannten Aspekte wird ein Schwerpunkt auf Gründungen in der digitalen Wirtschaft gelegt.</text>
      </definition>
      <additionalNote>
        <text content-type="text/plain" lang="de">Literaturangaben: 	- The Portable MBA in EntrepreneurshipBygrave &amp; Zacharakis:  - Wiley-Verlag: 2010
	- EntrepreneurshipBygrave &amp; Zacharakis:  - Wiley-Verlag: 3. Auflage 2013
	- EntrepreneurshipHisrich, Peters &amp; Shepherd:  - McGraw-Hill: International Edition 2010
</text>
      </additionalNote>
      <additionalNote>
        <text content-type="text/plain" lang="de">Anmeldeformalitäten: Die Studierenden haben keine besonderen Anmeldeformalitäten zu beachten.</text>
      </additionalNote>
      <additionalNote>
        <text content-type="text/plain" lang="de">Gültigkeit: Seit 14.11.2020</text>
      </additionalNote>
      <supplementaryDoc uri="https://pim.moses.tu-berlin.de/moses/modultransfersystem/bolognamodule/beschreibung/anzeigen.html?number=20283&amp;amp;version=1">
        <subject uri="http://data.europa.eu/esco/qualification-topics#entry-requirements"/>
      </supplementaryDoc>
      <volumeOfLearning>P0Y0M0DT150H0M0S</volumeOfLearning>
      <hasECTSCreditPoints schemeID="http://data.europa.eu/europass/educationalCreditPointSystem/ects">5</hasECTSCreditPoints>
      <language uri="http://publications.europa.eu/resource/authority/language/ENG"/>
      <mode uri="http://data.europa.eu/europass/modeOfLearningAndAssessment/blended"/>
      <duration>P0Y6M0DT0H0M0S</duration>
      <targetGroup uri="http://data.europa.eu/europass/targetGroup/adults"/>
      <entryRequirementsNote>
        <text content-type="text/html" lang="de">&amp;lt;![CDATA[Wünschenswerte Voraussetzungen für die Teilnahme an den Lehrveranstaltungen: null;&amp;lt;br/&amp;gt;Verpflichtende Voraussetzungen für die Modulprüfungsanmeldung: Keine Angabe]]&amp;gt;</text>
      </entryRequirementsNote>
      <learningOutcomes>
        <learningOutcome idref="urn:thl:learningoutcome:20283#1"/>
      </learningOutcomes>
      <assessmentSpecification idref="urn:thl:assessment:spec:20283#1"/>
      <awardingOpportunities>
        <awardingOpportunity>
          <organization idref="urn:epass:thl:organization:927"/>
          <location uri="http://publications.europa.eu/resource/authority/country/DEU"/>
          <startedAtTime>2018-03-31T23:59:59.000Z</startedAtTime>
        </awardingOpportunity>
      </awardingOpportunities>
      <hasPart idref="urn:thl:learning:spec:20283#1-1"/>
      <specializationOf idref="urn:thl:learning:spec:20283"/>
    </modulSpecialization>
    <learningEvent id="urn:thl:learning:spec:20283#1-1">
      <type uri="http://data.europa.eu/europass/learningOpportunityType/class"/>
      <title lang="de">Entrepreneurship und Innovation</title>
      <learningActivitySpecification idref="urn:thl:learningactivity:spec:20283#1-1"/>
    </learningEvent>
    <modul id="urn:thl:learning:spec:20283">
      <identifier>20283</identifier>
      <type uri="http://data.europa.eu/europass/learningOpportunityType/programModule"/>
      <title lang="de">Modul 20283</title>
    </modul>
    <modulSpecialization id="urn:thl:learning:spec:20300#1">
      <identifier>20300#1</identifier>
      <type uri="http://data.europa.eu/europass/learningOpportunityType/course"/>
      <title lang="de">Entrepreneurship und Innovation</title>
      <definition>
        <text content-type="text/plain" lang="de">- Die Veranstaltung beschäftigt sich mit den grundlegenden Theorien, Konzepten und Managementinstrumenten in den Kontexten Entrepreneurship und Innovationsmanagement.
	- Der Inhalt der Veranstaltung ist verbunden mit aktuellen und praxisrelevanten Inhalten und deckt daher relevante Anwendungsmöglichkeiten ab.
	- Einzelne Aspekte der Veranstaltung werden anhand von Fallstudien besprochen.</text>
      </definition>
      <additionalNote>
        <text content-type="text/plain" lang="de">Literaturangaben: 	- Social EntrepreneurshipNichols:  - Oxford University Press 1. Auflage 2008
	- Innovation and EntrepreneurshipBessant &amp; Tidd:  - Wiley-Verlag 2. Auflage 2013
	- Fallstudien zum InnovationsmanagementFisch &amp; Roß:  - Gabler-Verlag 1. Auflage 2009
	- Managing Innovation: Integrating Technological, Market and Organizational ChangeBessant &amp; Tidd:  - Wiley-Verlag: 5. Auflage 2013
</text>
      </additionalNote>
      <additionalNote>
        <text content-type="text/plain" lang="de">Anmeldeformalitäten: Die Studierenden haben keine besonderen Anmeldeformalitäten zu beachten.</text>
      </additionalNote>
      <additionalNote>
        <text content-type="text/plain" lang="de">Gültigkeit: Seit 14.11.2020</text>
      </additionalNote>
      <supplementaryDoc uri="https://pim.moses.tu-berlin.de/moses/modultransfersystem/bolognamodule/beschreibung/anzeigen.html?number=20300&amp;amp;version=1">
        <subject uri="http://data.europa.eu/esco/qualification-topics#entry-requirements"/>
      </supplementaryDoc>
      <volumeOfLearning>P0Y0M0DT150H0M0S</volumeOfLearning>
      <hasECTSCreditPoints schemeID="http://data.europa.eu/europass/educationalCreditPointSystem/ects">5</hasECTSCreditPoints>
      <language uri="http://publications.europa.eu/resource/authority/language/ENG"/>
      <mode uri="http://data.europa.eu/europass/modeOfLearningAndAssessment/blended"/>
      <duration>P0Y6M0DT0H0M0S</duration>
      <targetGroup uri="http://data.europa.eu/europass/targetGroup/adults"/>
      <entryRequirementsNote>
        <text content-type="text/html" lang="de">&amp;lt;![CDATA[Wünschenswerte Voraussetzungen für die Teilnahme an den Lehrveranstaltungen: null;&amp;lt;br/&amp;gt;Verpflichtende Voraussetzungen für die Modulprüfungsanmeldung: Keine Angabe]]&amp;gt;</text>
      </entryRequirementsNote>
      <learningOutcomes>
        <learningOutcome idref="urn:thl:learningoutcome:20300#1"/>
      </learningOutcomes>
      <assessmentSpecification idref="urn:thl:assessment:spec:20300#1"/>
      <awardingOpportunities>
        <awardingOpportunity>
          <organization idref="urn:epass:thl:organization:927"/>
          <location uri="http://publications.europa.eu/resource/authority/country/DEU"/>
          <startedAtTime>2018-03-31T23:59:59.000Z</startedAtTime>
        </awardingOpportunity>
      </awardingOpportunities>
      <hasPart idref="urn:thl:learning:spec:20300#1-1"/>
      <specializationOf idref="urn:thl:learning:spec:20300"/>
    </modulSpecialization>
    <learningEvent id="urn:thl:learning:spec:20300#1-1">
      <type uri="http://data.europa.eu/europass/learningOpportunityType/class"/>
      <title lang="de">Entrepreneurship und Innovation</title>
      <learningActivitySpecification idref="urn:thl:learningactivity:spec:20300#1-1"/>
    </learningEvent>
    <modul id="urn:thl:learning:spec:20300">
      <identifier>20300</identifier>
      <type uri="http://data.europa.eu/europass/learningOpportunityType/programModule"/>
      <title lang="de">Modul 20300</title>
    </modul>
    <modulSpecialization id="urn:thl:learning:spec:20317#1">
      <identifier>20317#1</identifier>
      <type uri="http://data.europa.eu/europass/learningOpportunityType/course"/>
      <title lang="de">Supply Chain Management</title>
      <definition>
        <text content-type="text/plain" lang="de">- Introduction to SCM
	- Supply Chain Design and Operations
	- SCM information systems
	- Case study/Exercise:
	- Business Game SCM
	- Usage of cultural diversity
	- From logistics to SCM
	- Goals and principles of SCM
	- Best practice examples
	- Special SCM tools (VMI, ECR, JIT, 3 and 4 PL)
	- Selected quantitative models
	- Change management
E-Business</text>
      </definition>
      <additionalNote>
        <text content-type="text/plain" lang="de">Literaturangaben: Chopra, S.; Meindl, P. ; Supply Chain Management
Pearson Education Limited; Auflage: 6th Global ed Mai 2016
Corsten, D.; Gabriel, Chr.: Supply Chain Management
erfolgreich umsetzen. Berlin u.a.: Springer 2002
Corsten, D.; Gössinger, R.: Einführung in das Supply Chain
Management. München, Wien: Oldenbourg 2001
Eißig, M. (Hrsg.): Perspektiven des Supply Chain
Managements. Berlin et al: Springer 2005
Kuhn, A.; Hellingrath, H.: Supply Chain Management.
Berlin u.a.: Springer 2002
Schönsleben, P.: Integrated Logistics Management. Boca
Raton et al: St. Lucie 2000
Simchi-Levi, D.; Kaminsky, P.; Simchi-Levi, E. Designing and Managing the Supply Chain; Mcgraw-Hill Education - Europe; Auflage: 4 Rev ed. 2016
</text>
      </additionalNote>
      <additionalNote>
        <text content-type="text/plain" lang="de">Anmeldeformalitäten: Die Studierenden haben keine besonderen Anmeldeformalitäten zu beachten.</text>
      </additionalNote>
      <additionalNote>
        <text content-type="text/plain" lang="de">Gültigkeit: Seit 14.11.2020</text>
      </additionalNote>
      <supplementaryDoc uri="https://pim.moses.tu-berlin.de/moses/modultransfersystem/bolognamodule/beschreibung/anzeigen.html?number=20317&amp;amp;version=1">
        <subject uri="http://data.europa.eu/esco/qualification-topics#entry-requirements"/>
      </supplementaryDoc>
      <volumeOfLearning>P0Y0M0DT150H0M0S</volumeOfLearning>
      <hasECTSCreditPoints schemeID="http://data.europa.eu/europass/educationalCreditPointSystem/ects">5</hasECTSCreditPoints>
      <language uri="http://publications.europa.eu/resource/authority/language/ENG"/>
      <mode uri="http://data.europa.eu/europass/modeOfLearningAndAssessment/blended"/>
      <duration>P0Y6M0DT0H0M0S</duration>
      <targetGroup uri="http://data.europa.eu/europass/targetGroup/adults"/>
      <entryRequirementsNote>
        <text content-type="text/html" lang="de">&amp;lt;![CDATA[Wünschenswerte Voraussetzungen für die Teilnahme an den Lehrveranstaltungen: null;&amp;lt;br/&amp;gt;Verpflichtende Voraussetzungen für die Modulprüfungsanmeldung: Keine Angabe]]&amp;gt;</text>
      </entryRequirementsNote>
      <learningOutcomes>
        <learningOutcome idref="urn:thl:learningoutcome:20317#1"/>
      </learningOutcomes>
      <assessmentSpecification idref="urn:thl:assessment:spec:20317#1"/>
      <awardingOpportunities>
        <awardingOpportunity>
          <organization idref="urn:epass:thl:organization:927"/>
          <location uri="http://publications.europa.eu/resource/authority/country/DEU"/>
          <startedAtTime>2018-03-31T23:59:59.000Z</startedAtTime>
        </awardingOpportunity>
      </awardingOpportunities>
      <hasPart idref="urn:thl:learning:spec:20317#1-1"/>
      <specializationOf idref="urn:thl:learning:spec:20317"/>
    </modulSpecialization>
    <learningEvent id="urn:thl:learning:spec:20317#1-1">
      <type uri="http://data.europa.eu/europass/learningOpportunityType/class"/>
      <title lang="de">Supply Chain Management</title>
      <learningActivitySpecification idref="urn:thl:learningactivity:spec:20317#1-1"/>
    </learningEvent>
    <modul id="urn:thl:learning:spec:20317">
      <identifier>20317</identifier>
      <type uri="http://data.europa.eu/europass/learningOpportunityType/programModule"/>
      <title lang="de">Modul 20317</title>
    </modul>
  </learningSpecificationReferences>
  <learningActivitySpecificationReferences>
    <learningActivitySpecification id="urn:thl:learningactivity:spec:20045#1-1">
      <title lang="de">IT-Management und E-Business</title>
      <type uri="http://data.europa.eu/europass/learningActivityType/classroom"/>
    </learningActivitySpecification>
    <learningActivitySpecification id="urn:thl:learningactivity:spec:20062#1-1">
      <title lang="de">Produktionsmanagement und Fabrikplanung</title>
      <type uri="http://data.europa.eu/europass/learningActivityType/classroom"/>
    </learningActivitySpecification>
    <learningActivitySpecification id="urn:thl:learningactivity:spec:20079#1-1">
      <title lang="de">Technische Investitionsplanung</title>
      <type uri="http://data.europa.eu/europass/learningActivityType/classroom"/>
    </learningActivitySpecification>
    <learningActivitySpecification id="urn:thl:learningactivity:spec:20096#1-1">
      <title lang="de">Operations Research</title>
      <type uri="http://data.europa.eu/europass/learningActivityType/classroom"/>
    </learningActivitySpecification>
    <learningActivitySpecification id="urn:thl:learningactivity:spec:20113#1-1">
      <title lang="de">Organisationspsychologie</title>
      <type uri="http://data.europa.eu/europass/learningActivityType/workShop"/>
    </learningActivitySpecification>
    <learningActivitySpecification id="urn:thl:learningactivity:spec:20113#1-2">
      <title lang="de">Changemanagement</title>
      <type uri="http://data.europa.eu/europass/learningActivityType/workShop"/>
    </learningActivitySpecification>
    <learningActivitySpecification id="urn:thl:learningactivity:spec:20130#1-1">
      <title lang="de">Simulation technischer Systeme</title>
      <type uri="http://data.europa.eu/europass/learningActivityType/classroom"/>
    </learningActivitySpecification>
    <learningActivitySpecification id="urn:thl:learningactivity:spec:20147#1-1">
      <title lang="de">Advanced Planning Systems</title>
      <type uri="http://data.europa.eu/europass/learningActivityType/classroom"/>
    </learningActivitySpecification>
    <learningActivitySpecification id="urn:thl:learningactivity:spec:20164#1-1">
      <title lang="de">Strategisches Produktionscontrolling</title>
      <type uri="http://data.europa.eu/europass/learningActivityType/classroom"/>
    </learningActivitySpecification>
    <learningActivitySpecification id="urn:thl:learningactivity:spec:20164#1-2">
      <title lang="de">Fallstudien - Strategisches Produktionscontrolling</title>
      <type uri="http://data.europa.eu/europass/learningActivityType/workShop"/>
    </learningActivitySpecification>
    <learningActivitySpecification id="urn:thl:learningactivity:spec:20181#1-1">
      <title lang="de">Telematik-Anwendungen</title>
      <type uri="http://data.europa.eu/europass/learningActivityType/classroom"/>
    </learningActivitySpecification>
    <learningActivitySpecification id="urn:thl:learningactivity:spec:20198#1-1">
      <title lang="de">Supply Chain Management</title>
      <type uri="http://data.europa.eu/europass/learningActivityType/classroom"/>
    </learningActivitySpecification>
    <learningActivitySpecification id="urn:thl:learningactivity:spec:20215#1-1">
      <title lang="de">Verkehrsbetriebslehre</title>
      <type uri="http://data.europa.eu/europass/learningActivityType/classroom"/>
    </learningActivitySpecification>
    <learningActivitySpecification id="urn:thl:learningactivity:spec:20232#1-1">
      <title lang="de">Businessplan</title>
      <type uri="http://data.europa.eu/europass/learningActivityType/workShop"/>
    </learningActivitySpecification>
    <learningActivitySpecification id="urn:thl:learningactivity:spec:20249#1-1">
      <title lang="de">Entrepreneurial Behavior</title>
      <type uri="http://data.europa.eu/europass/learningActivityType/classroom"/>
    </learningActivitySpecification>
    <learningActivitySpecification id="urn:thl:learningactivity:spec:20266#1-1">
      <title lang="de">Verhandlungsführung</title>
      <type uri="http://data.europa.eu/europass/learningActivityType/classroom"/>
    </learningActivitySpecification>
    <learningActivitySpecification id="urn:thl:learningactivity:spec:20283#1-1">
      <title lang="de">Entrepreneurship und Innovation</title>
      <type uri="http://data.europa.eu/europass/learningActivityType/classroom"/>
    </learningActivitySpecification>
    <learningActivitySpecification id="urn:thl:learningactivity:spec:20300#1-1">
      <title lang="de">Entrepreneurship und Innovation</title>
      <type uri="http://data.europa.eu/europass/learningActivityType/classroom"/>
    </learningActivitySpecification>
    <learningActivitySpecification id="urn:thl:learningactivity:spec:20317#1-1">
      <title lang="de">Supply Chain Management</title>
      <type uri="http://data.europa.eu/europass/learningActivityType/classroom"/>
    </learningActivitySpecification>
  </learningActivitySpecificationReferences>
  <assessmentSpecificationReferences>
    <assessmentSpecification id="urn:thl:assessment:spec:20045#1">
      <title lang="de">IT-Management und E-Business</title>
      <type uri="http://data.europa.eu/europass/assessmentType/markedAssignment"/>
      <language uri="http://publications.europa.eu/resource/authority/language/DEU"/>
      <proves idref="urn:thl:learningoutcome:20045#1"/>
    </assessmentSpecification>
    <assessmentSpecification id="urn:thl:assessment:spec:20062#1">
      <title lang="de">Produktionsmanagement und Fabrikplanung</title>
      <type uri="http://data.europa.eu/europass/assessmentType/writtenExamen"/>
      <language uri="http://publications.europa.eu/resource/authority/language/DEU"/>
      <proves idref="urn:thl:learningoutcome:20062#1"/>
    </assessmentSpecification>
    <assessmentSpecification id="urn:thl:assessment:spec:20079#1">
      <title lang="de">Technische Investitionsplanung</title>
      <type uri="http://data.europa.eu/europass/assessmentType/markedAssignment"/>
      <language uri="http://publications.europa.eu/resource/authority/language/DEU"/>
      <proves idref="urn:thl:learningoutcome:20079#1"/>
    </assessmentSpecification>
    <assessmentSpecification id="urn:thl:assessment:spec:20096#1">
      <title lang="de">Operations Research</title>
      <type uri="http://data.europa.eu/europass/assessmentType/writtenExamen"/>
      <language uri="http://publications.europa.eu/resource/authority/language/DEU"/>
      <proves idref="urn:thl:learningoutcome:20096#1"/>
    </assessmentSpecification>
    <assessmentSpecification id="urn:thl:assessment:spec:20113#1">
      <title lang="de">Organisationspsychologie und Changemanagement</title>
      <type uri="http://data.europa.eu/europass/assessmentType/markedAssignment"/>
      <language uri="http://publications.europa.eu/resource/authority/language/DEU"/>
      <proves idref="urn:thl:learningoutcome:20113#1"/>
    </assessmentSpecification>
    <assessmentSpecification id="urn:thl:assessment:spec:20130#1">
      <title lang="de">Simulation technischer Systeme</title>
      <type uri="http://data.europa.eu/europass/assessmentType/markedAssignment"/>
      <language uri="http://publications.europa.eu/resource/authority/language/DEU"/>
      <proves idref="urn:thl:learningoutcome:20130#1"/>
    </assessmentSpecification>
    <assessmentSpecification id="urn:thl:assessment:spec:20147#1">
      <title lang="de">Advanced Planning Systems</title>
      <type uri="http://data.europa.eu/europass/assessmentType/writtenExamen"/>
      <language uri="http://publications.europa.eu/resource/authority/language/DEU"/>
      <proves idref="urn:thl:learningoutcome:20147#1"/>
    </assessmentSpecification>
    <assessmentSpecification id="urn:thl:assessment:spec:20164#1">
      <title lang="de">Strategisches Produktionscontrolling und Fallstudien</title>
      <type uri="http://data.europa.eu/europass/assessmentType/markedAssignment"/>
      <language uri="http://publications.europa.eu/resource/authority/language/DEU"/>
      <proves idref="urn:thl:learningoutcome:20164#1"/>
    </assessmentSpecification>
    <assessmentSpecification id="urn:thl:assessment:spec:20181#1">
      <title lang="de">Telematik-Anwendungen</title>
      <type uri="http://data.europa.eu/europass/assessmentType/markedAssignment"/>
      <language uri="http://publications.europa.eu/resource/authority/language/DEU"/>
      <proves idref="urn:thl:learningoutcome:20181#1"/>
    </assessmentSpecification>
    <assessmentSpecification id="urn:thl:assessment:spec:20198#1">
      <title lang="de">Supply Chain Management</title>
      <type uri="http://data.europa.eu/europass/assessmentType/markedAssignment"/>
      <language uri="http://publications.europa.eu/resource/authority/language/ENG"/>
      <proves idref="urn:thl:learningoutcome:20198#1"/>
    </assessmentSpecification>
    <assessmentSpecification id="urn:thl:assessment:spec:20215#1">
      <title lang="de">Verkehrsbetriebslehre</title>
      <type uri="http://data.europa.eu/europass/assessmentType/markedAssignment"/>
      <language uri="http://publications.europa.eu/resource/authority/language/DEU"/>
      <proves idref="urn:thl:learningoutcome:20215#1"/>
    </assessmentSpecification>
    <assessmentSpecification id="urn:thl:assessment:spec:20232#1">
      <title lang="de">Businessplan</title>
      <type uri="http://data.europa.eu/europass/assessmentType/continuousEvaluation"/>
      <language uri="http://publications.europa.eu/resource/authority/language/DEU"/>
      <proves idref="urn:thl:learningoutcome:20232#1"/>
    </assessmentSpecification>
    <assessmentSpecification id="urn:thl:assessment:spec:20249#1">
      <title lang="de">Entrepreneurial Behavior</title>
      <type uri="http://data.europa.eu/europass/assessmentType/markedAssignment"/>
      <language uri="http://publications.europa.eu/resource/authority/language/DEU"/>
      <proves idref="urn:thl:learningoutcome:20249#1"/>
    </assessmentSpecification>
    <assessmentSpecification id="urn:thl:assessment:spec:20266#1">
      <title lang="de">Verhandlungsführung</title>
      <type uri="http://data.europa.eu/europass/assessmentType/markedAssignment"/>
      <language uri="http://publications.europa.eu/resource/authority/language/DEU"/>
      <proves idref="urn:thl:learningoutcome:20266#1"/>
    </assessmentSpecification>
    <assessmentSpecification id="urn:thl:assessment:spec:20283#1">
      <title lang="de">Entrepreneurship in der digitalen Wirtschaft</title>
      <type uri="http://data.europa.eu/europass/assessmentType/markedAssignment"/>
      <language uri="http://publications.europa.eu/resource/authority/language/DEU"/>
      <proves idref="urn:thl:learningoutcome:20283#1"/>
    </assessmentSpecification>
    <assessmentSpecification id="urn:thl:assessment:spec:20300#1">
      <title lang="de">Entrepreneurship und Innovation</title>
      <type uri="http://data.europa.eu/europass/assessmentType/markedAssignment"/>
      <language uri="http://publications.europa.eu/resource/authority/language/DEU"/>
      <proves idref="urn:thl:learningoutcome:20300#1"/>
    </assessmentSpecification>
    <assessmentSpecification id="urn:thl:assessment:spec:20317#1">
      <title lang="de">Supply Chain Management</title>
      <type uri="http://data.europa.eu/europass/assessmentType/markedAssignment"/>
      <language uri="http://publications.europa.eu/resource/authority/language/ENG"/>
      <proves idref="urn:thl:learningoutcome:20317#1"/>
    </assessmentSpecification>
  </assessmentSpecificationReferences>
  <entitlementSpecificationReferences/>
  <learningOpportunityReferences/>
  <agentReferences>
    <organization id="urn:epass:thl:organization:927">
      <registration spatialID="http://publications.europa.eu/resource/authority/country/DEU">DUMMY-REGISTRATION</registration>
      <type uri="http://data.europa.eu/esco/agent-type#academic-institution"/>
      <prefLabel lang="de">Technische Hochschule Lübeck</prefLabel>
      <hasLocation>
        <spatialCode uri="http://publications.europa.eu/resource/authority/country/DEU"/>
      </hasLocation>
    </organization>
  </agentReferences>
  <accreditationReferences/>
  <scoringSchemeReferences/>
  <semanticFrameworkReferences/>
  <attachmentList/>
  <proof/>
</europassCredential>
